title,url,view
【大量購入】ヒカキン、ハッピーセットデビューで爆買い！金ピカミニオン出るまで終われませんw【マクドナルド】,/watch?v=8wKwSQhFUAs,1548503
【100個開封!?】キティちゃんチョコエッグヒカキンコラボ第２弾コンプするまで終われません！【ハローキティ】【サンリオ】,/watch?v=Fa21h-hFg7E,1835554
【超高額!?】ヒカキン、初めて高級アートを購入する【芸術】,/watch?v=kwXfr8s_Yhs,1028453
【200万円】ゲーム生配信専用部屋一気に作るよー！【ゲーミングチェア・デスク・機材紹介】,/watch?v=Uzfvqs3jcRk,2224828
【超高級】1箱30万のさくらんぼひと口で食べてみた！【大食い】,/watch?v=Hx-SQ_aCuQ8,1663392
ヒカキン家に新しい家族がやってきました。,/watch?v=pT2MqDLhBWg,3424968
20kgのチョコの沼に10万円分の高級フルーツ沈めてみたw【チョコバナナ!?】,/watch?v=kaw2bpjkuDw,5141663
みんな、ありがとう。,/watch?v=nW2Jk6D7FLA,2756852
さよならババア,/watch?v=PFCXDYCmZE8,5658463
過去一ヤバい高級時計一気に２本購入したので開封！【ヒカキン時計コレクション紹介】,/watch?v=b0uGveXlmCM,1457635
まるお&もふこを超高画質カメラで撮影してみたら感動。。。【ZV-1】【YouTuber専用カメラ】,/watch?v=ANrv0biUAds,1515535
【マック+モス+ロッテリア】てりやきバーガー３つ合体させて最強にして食べて夢実現w【ウーバーイーツ】,/watch?v=I23Crm6NDwg,1092055
セブンのおにぎり沢山混ぜて炒めれば超美味いチャーハン出来るに違いない！【料理動画】【ヒカキンTV】,/watch?v=QErIRaEy-oQ,1382891
【入手困難】ユニクロのエアリズムマスク開封レビュー！【売り切れ続出】,/watch?v=MUTqxPMkeV8,1717061
YouTuberを生年月日占いしまくって誰が最強か決めますw【2020生年月日占い】,/watch?v=xa_F3JRDS9s,1231026
まるお&もふこ２歳の誕生日に高級自動トイレプレゼント！,/watch?v=Nm7WvntgkKw,3580948
ヒカキン&まるお&もふこで雑誌の表紙になりました！【人生初】,/watch?v=QP32qgrmMNc,805471
まるお&もふこを隠しカメラで盗撮したら信じられない光景が!!!【ヒカキンTV】,/watch?v=LEkyLCxGRXo,4665355
【開封レビュー】これぞユーチューバーPC！Macbook Pro13インチ2020モデルフルスペックがキタ！【ヒカキン流成功術を語る】,/watch?v=hrp8s5e7kQw,1270690
【謎】セブンの超激うまポテトにそっくりなポテト売ってたので食べ比べしたら…【セブンイレブン】,/watch?v=gwCbBGseFx0,1871799
【開封レビュー】iPad Pro2020 フルスペックをまるお&もふこのために購入【メッセージ刻印入り】,/watch?v=-SHwOOXRue8,2321744
ウィーアー!  HIKAKIN & SEIKIN - ワンピース アニメ 主題歌 / 「ONE PIECE MUUUSIC COVER ALBUM」,/watch?v=gAJ_p0BB7KM,2028111
ウーバーイーツで高級焼き芋食べたら美味すぎて気絶☆【Uber Eats】,/watch?v=8-eQ-iSsEjE,1364811
立ち上げ３日で募金２億円突破！18万人の皆さん本当にありがとうございます！【コロナ医療支援募金】,/watch?v=Tn0FHDzIQzU,1212417
【ランキング】ヒカキンがハマってるコンビニおやつトップ３【2020年5月編】,/watch?v=yapZf_HXddw,2162540
1億円寄付してコロナ医療支援募金を立ち上げました。僕と一緒に募金して命を守る人を支えませんか？,/watch?v=X-Syv5upkKQ,3812950
YouTubeテーマソング1億再生突破の瞬間、信じられないことが起こりました…,/watch?v=lIsMhMTCyoo,3071505
怪しい女性につけられて盗撮された時の記録動画,/watch?v=VDQuhN1plxo,2044185
【エゴサ】ツイッターで『ヒカキン キモい』で検索したらヒド過ぎてブチ切れ反撃！【エゴサーチ】【Twitter】,/watch?v=HBDLD-XSpSc,2532032
【エゴサ】ツイッターで『ヒカキン嫌い』で検索したら涙が…【エゴサーチ】【Twitter】,/watch?v=tGOBvtKXHQ0,4527406
何でも言い当てるAI『アキネーター』にケンカ売ったら完全勝利www【まるおも知らないの? 】【ヒカキンとデカキンも区別できないの?  】,/watch?v=5fap6EXvVpc,7208979
【開封】UUUMから謎の超巨大ダンボールが届き大はしゃぎする31歳ヒカキン,/watch?v=b3m_XRgX1V8,4757794
コロナ感染して集中治療室から復活した方にインタビューしたら恐怖でしかなかった…【拡散希望】,/watch?v=kbTbTzE1cvQ,3391729
デカキン家に突撃したら猫ちゃんかわいすぎた…【ブチャ吉&ミニたん】【ヒカキンTV】,/watch?v=XXrQiq15FkU,3251062
【悲報】新iPhone SE全色自分ごと水没！４万円台で買えるコスパ抜群のiphone!【開封レビュー】【カメラ比較】【ヒカキンTV】,/watch?v=zPHERhDPIJM,3374546
スーパー店員時代のヤバい話・変なお客さん【金隠しおじさん&クーラーおじさん】,/watch?v=KAfULYulCJM,3004809
国からもらったマスク誕生日に開封レビューしてみたw【31歳】,/watch?v=RlVB-Q8eLHk,3792813
【悲報】ヒカキン、斉藤さんでブチギレられる…コロナのこと聞いたら危機感ないので注意してみた,/watch?v=b0k-fdXk28c,6583330
ヒカキン×香取慎吾の質問コーナーで裏話や突っ込んだこと沢山聞けましたwww,/watch?v=DEuruU-doQM,1431516
1000万円のヒカキンゲームスタジオついに完成！【ゲーミングPC】,/watch?v=cEdeotYQMCM,4879557
小池都知事にコロナのこと質問しまくってみた【ヒカキンTV】【新型コロナウイルス】,/watch?v=ofCsslfc-So,10769439
【開封】ニンテンドースイッチどうぶつの森セット&スイッチライトコーラル！【Nintendo Switch】,/watch?v=rzziAEhCJhI,3051121
僕の地元でコロナが。緊急事態宣言が出ても帰省は控えよう【拡散希望】,/watch?v=YybcDn5BJAg,1750297
店員さんに優しくしてあげよう。,/watch?v=o_lfRo1_52c,2573437
【削除覚悟】きりたんぽ同士で無理やり共食いさせてみた…【衝撃映像】,/watch?v=Qq0_H0Zx51E,2894805
自宅で本気の味噌ラーメン作ったらお店レベルにwww【麺処くるり】【ヒカキン&セイキン】,/watch?v=VRovUa1ioOw,6614858
LINEでビデオ通話したら香取慎吾さんドッキリ【後編】ユーチューバーにかけまくるw【ヒカキンTV】,/watch?v=lWEb0E1LmjE,5341268
若いみんなへ、ヒカキンより。,/watch?v=ThfRyRj_1KI,5502023
LINEでビデオ通話したら香取慎吾さんドッキリ【前編】ユーチューバーにかけまくるw【ヒカキンTV】,/watch?v=V27iErwCs2E,8074688
【ドッキリ】デカキンUUUM加入！サプライズで大号泣!?【UUUM新オフィス紹介】,/watch?v=iI7Nx3nXrdk,3524615
【ドッキリ】デカキンに無断で２人一緒に金髪にしてみたら発狂w【ヒカキンも金髪】,/watch?v=YvCQ1UZeHnA,3660081
【費用????万円】渋谷に超巨大ヒカキントラック走らせてみたwww,/watch?v=E0jUYAfFHIM,1380615
BTSに間違われて空港がパニックになりました…【ヒカキンTV】,/watch?v=D5gd_0dhQ00,2343810
卒業式が出来なかったみんなへ、ヒカキンより。,/watch?v=VbHHk-Qw_nw,4407565
【感動】まるおともふこがもう一匹の兄弟と再会！もふこに超ソックリでビックリ!?【家族再会】,/watch?v=55dkC87QFU8,6231272
【拡散希望】マスク詐欺が許せない。その手口と被害防止について【家族を守ろう】【注意喚起】,/watch?v=pqQDCOWtcZY,3357909
炎上中に質問100個答えますw【登録者800万人記念生配信】,/watch?v=g8c0psnuDc8,2668472
【デマで炎上】トイレットペーパー不足はヒカキンが買い占めたせい【マスク不足について】,/watch?v=rPTKNk1vU5w,6752411
人間より大きい超巨大わたあめ作ったら大変すぎたwww,/watch?v=WtYprWCWaVA,1435116
【旅動画】総額120万円の高級ニューヨーク旅 & ヒカキン流緊急パッキング！【NewYork旅行】,/watch?v=1LaaEldNh0Q,2880732
【ランキング】ヒカキンが選ぶマジでウマいセブンのおにぎりTOP５発表！,/watch?v=Np0xscEb3Dw,2738403
ママと初めてのウーバーイーツ食べ放題で大パニックwww【Uber Eats】,/watch?v=W5r3Y2TPZHo,4177100
【わたあめ王決定戦】わたあめ作り＆ 大食いバトルで１位は誰だ!!!【ヒカキンvs関根りさvsマスオ】,/watch?v=anWsme7SRSs,1390695
【超簡単】カップヌードルチャーハンを７種類作って1位を決めたらまさかの結果に!!【炒飯】,/watch?v=jGbevSbPwOI,5989785
ヒカキン&デカキンがイケメンメイクして渋谷のど真ん中で気づいてもらえるまで帰れませんwww,/watch?v=2QaV5nZXAtg,3311074
【予算数百万円】札幌雪まつりにヒカキン&セイキンの超巨大雪像作ってみた！,/watch?v=aqagmL1HDIE,2555039
ランボルギーニを手で押して動かす男ヒカキン！！！【アヴェンタドールS】,/watch?v=XLFWrl3YJvM,1713296
【豆55万粒】100人の子供 vs ヒカキン赤鬼やったら鬼が窒息して即死しました【節分】,/watch?v=osQDJ_0pINo,4610841
【旅動画】大阪でたこ焼き&ラーメンのグルメ旅！ヒカキン&はじめしゃちょーが行く！,/watch?v=NJamEdNA0Oo,3497500
【800万円のPC】Mac Proフルスペック&Pro Display２台を開封レビュー！【ヒカキンTV】,/watch?v=UyPwDHGlfWg,4320836
【拡散希望】ヒカキンと一緒にオーストラリア森林火災の被災地に募金しませんか？【コアラを助けたい】【寄付の方法】,/watch?v=W-viLbh55hU,1794295
【ヒカキンアニメ】第4話 セイキンとランボルギーニ【グラサン泥ボーヒカキン】,/watch?v=AnR27zAEMz8,3388622
【財布紛失から1ヶ月】ヒカキン、激レアな新しい財布を買う！,/watch?v=FzkRv2WG1mI,3678612
ヒカキン氏、うんこ食べて炎上【閲覧注意】,/watch?v=1iEVwFKdLwk,3566806
【YouTuber夢あるね】マスオに年収聞いたら予想外過ぎて震えました… 【月収暴露】,/watch?v=QEjKKOvUGHo,2292002
220万の財布無くして、イジメられて、生きていく。【ヒカキン】,/watch?v=jUGnmLlUh-0,3124933
真冬の川に転落して大変なことになりました…【2020年お正月ダイブ】,/watch?v=fdk7YXVtHzs,6197840
【ヒカキンTV 2019】名場面動画メドレー！,/watch?v=JsStwsYSSXk,2031187
笑点 × ヒカキン！！！！！,/watch?v=5HMvkrsp_NA,923846
まるお&もふこLINEスタンプを巨大プリントして2匹にお気に入り選んでもらったwww,/watch?v=NPdfEazxWds,2873037
Mステの裏側を撮影してきました！タモリさんのマイクの温もりを感じる兄弟【12/27(金) 夜7時〜HIKAKIN & SEIKIN見てね！】,/watch?v=zRKSiN-XuyU,1049131
【旅動画】伝説のラーメン屋『麺処くるり』の味噌ラーメンを求めて岡山の旅！【ヒカキン&セイキン】,/watch?v=VGdQBwQLOjA,4150480
【事件】220万ガチで紛失しました。【財布落とした】【人生最悪のクリスマス】,/watch?v=dp5LL7aLoRQ,5426656
ヒカキン & セイキン - 夢 メイキング,/watch?v=sse3HJeSnDY,2141449
【超危険】東京タワーの超高い立ち入り禁止エリア侵入したら怖すぎた…【前代未聞】,/watch?v=SChnk5xmUsY,1807900
ヒカキン & セイキン - 夢 レコーディングver.,/watch?v=lJAhatjFSiQ,1968544
『夢』を忘れていませんか？,/watch?v=aBWRYpXasVA,1444254
【ヒカキン初めての台湾】タピオカの旅！後編【VLOG】,/watch?v=QQcCbXVfBko,1871586
700万円のパソコン Mac Proフルスペック購入の瞬間【Apple信者ヒカキン】,/watch?v=SfCvmHDX3S0,1718846
【ヒカキン初めての台湾】タピオカの旅！前編【VLOG】,/watch?v=WJt-TjBBKQs,2947822
【クイズ】この動画にはいつもと違うところが５つあります。全部わかるかな?【問題】,/watch?v=SuwfgKC-DCQ,2641063
絶対につかめない謎の物体 vs 絶対に滑らないスプレー!!!【ローション vs 滑り止めスプレーもあるよw】,/watch?v=JZ0zYQDzl2M,4270640
北海道で動物たちとキャンプ！テントでおサルさんと寝てみたw【ヒカキン&セイキン】,/watch?v=YWXIEayjbKo,7860254
【新曲】ヒカキン & セイキン『夢』,/watch?v=woWZUn-rkOI,1736354
【75万円ノートPC】フルスペック16インチMacBookPro開封レビュー！【ヒカキン流成功術をひたすら語る】,/watch?v=zhbR1tokcbU,1527209
【◯◯◯万円!?】Nintendo TOKYOの商品全部買ったら大変な金額にwww【ニンテンドートウキョウ】,/watch?v=Bh_QOGWDPlY,7133914
「アナと雪の女王２」♪『イントゥ・ジ・アンノウン〜心のままに』 YouTuber ver.【アナ雪2】,/watch?v=v7GSyZ3m8mU,6816248
【ローソンくじ】ヒカキンvsセイキン兄弟対決！ くじ引きバトルしたら神引き連発www,/watch?v=yc5jWYLl2Ew,2368235
【ローソン】悪魔のおにぎりヒカキン&セイキンコラボがついに発売!!!【激ウマ】,/watch?v=Xy2x8LqCD-s,1232469
芸能人診断をまるお&もふこと一緒にしたらまさかの結果で大爆笑www【SNOWカメラアプリ】,/watch?v=K2JLxnsdsFM,3278495
【開封レビュー】AirPods Proに衝撃を受けて固まった兄弟がこちらwww,/watch?v=QwWprUHJCS0,2236038
業務用マシンでたこ焼き100個一気に焼くチャレンジでパニックwww【素人】,/watch?v=pGyZNE0b2g0,3857049
【大暴走】色んな球技でボウリングしたら良いスコア出せるんじゃないか説www,/watch?v=2aYtXEGY_7U,3557548
iPhone 11 Proを1ヶ月使ってわかった良いところ悪いところ徹底レビュー！,/watch?v=IgmMJihw6vo,3331314
【スライム700ℓ】超巨大スライムプールでASMRやったら大変なことにwww【ヒカキンTV】,/watch?v=DwtkATJTNUI,12090365
誰でもヒカキンになれるおもちゃ『ヒカキンボックス』がついに登場！【HIKAKIN BOX】,/watch?v=rdglI0Skkts,6110089
【100個開封!?】キティちゃんチョコエッグでヒカキンキティ当ててコンプするまで終われません!!【ハローキティ】【サンリオ】,/watch?v=jXyGqrxwhxw,5892719
ベビースターラーメンヒカキン味発売だとぉ!? wwwwww,/watch?v=BQGfIGsb7Yg,1772660
【ニンテンドースイッチライト】全カラー開封レビュー！普通のスイッチと比較してみた！【Nintendo Switch Lite】,/watch?v=QSdgWGLVSyI,4858137
【拡散希望】台風19号の被災地にヒカキンと一緒に募金しませんか？【復興支援】,/watch?v=dN07VPzK3eQ,2988486
【台風19号】今すべきこと、誰でも出来る準備を紹介！【家族の命を守ろう】,/watch?v=bTB5SbSPXzc,5343375
【名探偵コナン】犯人20人 vs ヒカキン1人の鬼ごっこが地獄過ぎたwww【名探偵コキン】,/watch?v=rvLTecJN7IY,8369520
【超巨大】跳び箱20段にヒカキンが挑戦！余裕だろ！【モンスターボックス】,/watch?v=P5X1yb3c1Iw,11653942
コンビニのタピオカ飲み比べ!!【セブンイレブン、ローソン、ファミマ】,/watch?v=lzaY_BMmjPU,4606106
【ヒカキン1日密着】プライベート&仕事 朝から晩まで丸一日撮ってみた。【全てiPhone11 Proで撮影】【Vlog】,/watch?v=MQfV81zMPBY,8520055
520倍のデカさの超巨大牛乳プリン作ったらヤバすぎたwww【ヒカキン×アバンティーズ】,/watch?v=MgFQfydhkZk,2282112
【悲報】iPhone11シリーズ全種類14枚水没！超パワーアップしたカメラ全力レビュー！【iPhone 11 Pro】【iPhone 11 Pro Max】,/watch?v=byYzA1ZGTo0,6242804
【ヒカキンアニメ】第3話 お屋敷のサングラス【グラサン泥ボーヒカキン】,/watch?v=3RtGaewzYiA,3170293
【世界に20個】ルイ・ヴィトンFIFAワールドカップトランクがついに届いた！【ヒカキンTV】,/watch?v=hfWa5dnHuEY,2469777
【デート】ヒカキン&はじめしゃちょーでラブラブ原宿竹下通りデート【タピオカ】,/watch?v=lRDNiQr5Hps,3536265
ハイテンションでMステ出ますwww,/watch?v=JtwY3OozzLY,872349
まるお & もふこの超リアルペットマスク被って会ったら反応がヤバかったwww,/watch?v=RO7yoetoevo,2883474
【ドッキリ】セイキン誕生日にサプライズで日本一の財布プレゼントしてみた！【エルメス コンスタンスロング クロコダイル】,/watch?v=u0zraWAkeZ0,5424530
【超簡単】シャリふわカルピスかき氷作ってみた！【料理動画】【ヒカキン クッキング】,/watch?v=YXFjvoU2APA,3677217
【卵1個1500円】日本一高級な黄身の醤油漬けごはん作ったら異次元すぎたw【卵かけご飯】【TKG】,/watch?v=73WbbZ-d42k,10001122
ヒカキン&はじめしゃちょーで顔がデカくなる箱かぶって公園で暴走してみたwww,/watch?v=2zZsJM8Z60s,2162300
【ヒカキンアニメ】第2話 雪山のサングラス【グラサン泥ボーヒカキン】,/watch?v=OkNcKB7pRtc,3237579
兄弟でローソンで爆買いしてみたw 店内YouTuberまみれ!?,/watch?v=nox0ydY25KE,5488336
ヒカキン&はじめしゃちょーで生配信！,/watch?v=gkxGecLiBrk,1902856
巨大丸ごとスイカゼリー&メロンゼリー作ったらまさかの事態に!?【Giant Watermelon Jelly】【高級フルーツ】,/watch?v=07Qtivl6jII,15979941
【ヒカキンアニメ】第1話 誕生!どろぼうヒカキン【グラサン泥ボーヒカキン】,/watch?v=GM3SIBr7NvI,6242695
【100m走】ランボルギーニ vs 人間!! 何メートルなら勝てるのか全力で検証!!【アヴェンタドールS】,/watch?v=C3ywJSYG7xU,4339269
【ドッキリ】超ヒカキン好きな女の子の家にいるドッキリしたら大変なことにw【感動】,/watch?v=p7oZ7lKnr78,25370769
クレーンゲームでスクイーズ大量ゲットするぜ！【スクイーズUFOキャッチャー】,/watch?v=cWRF71VBotM,6488448
難病の子供たちに3000個ぬいぐるみを送ります！【ヒカキンTV】,/watch?v=zQt7KgCQaS0,3610552
新鮮生野菜がとれるクレーンゲームでカレーの具材全部取れるまで終われませんwww,/watch?v=tX5UNUzxIG8,5356942
ヒカキンのアニメ『グラサン泥ボーヒカキン』スタート!!,/watch?v=eZ2taWMglsY,2261227
ゴリラの着ぐるみ着てもまるお&もふこと仲良くなれるのか?【モニタリング】,/watch?v=UVkTy7Fxiu0,4124003
【1年待ち】ついにルイ・ヴィトンの伝説のかぶとが届きました！【兜】,/watch?v=mmy5YtL0vq0,2251027
一人焼肉デビューで質問コーナーしてみたwww【牛角】,/watch?v=r_b2SD1zerk,3791653
1回10円のクレーンゲームでドラゴンボール取れ過ぎてあふれたwww【UFOキャッチャー】,/watch?v=-E4_0mnfcOM,10579608
【448台】宇宙一クレーンゲームが多い超巨大ゲーセンで景品取りまくるw【UFOキャッチャー】,/watch?v=ZqWNFZyIerY,10751511
いつでも一瞬で泣けるようになりましたwww,/watch?v=qyjAztPCuZU,1789425
ヒカキン vs はじめしゃちょーで素手で殴り合ったら大変なことに…,/watch?v=hL7IfeSv3Xo,2790090
ヒカキン祭りに突撃してウマいもん食べまくるwww,/watch?v=qJ2kz2GuMLQ,2995140
【世界に50台】シュプリームドラムでドラムデビューしたら爆音すぎw【Supreme Drum】,/watch?v=g3aObIPi0gU,3195440
【11億円!?】世界最強のぬいぐるみを購入しました…【DIOR × KAWS】,/watch?v=VGbMRZM5bfo,2808658
シュプリームのお金撃てる銃で札束撃ちまくってみたw【Supreme Cash Canon】,/watch?v=nU3CSnOUQpo,3688511
【感動】ハモネプ2019にヒカキン出ます！【８年ぶり】,/watch?v=cP84Fhr2sH0,1173117
巨大猫用ランニングマシン購入！まるお&もふこが突っ走る!?,/watch?v=2yUCIU1qvPw,6752853
ハゲて悩みすぎて病院に行った話 & その時の写真と動画を公開w,/watch?v=5Y1D4SRdxy8,3263986
【大雨】YouTuber 4×100mリレーで真剣勝負！【土砂降り】,/watch?v=Yo7iD3HPERU,13524043
まるお&もふこのハンパない運動神経をお見せします！,/watch?v=utuDcOaPRi0,4847620
毎月の光熱費見たら高すぎて魂抜けた…【節約術】,/watch?v=_aB9hfM3WyE,2973488
最新最強のルンバ買ったらまるお&もふこ大暴れwww,/watch?v=uDS-RsRz0BE,5280765
【ランキング】ヒカキンが選ぶマジでウマい菓子パンTOP５発表！,/watch?v=sytZUTYwUbg,3828439
まるお&もふこのカワイイ詰め合わせメドレー！&もふこ奇跡の1枚！,/watch?v=VgAmLMOjl60,3701451
東海オンエアてつや&ヒカキンでスゴイものを吸います…,/watch?v=r0phk5uuiKE,2380441
【警察沙汰】今まで受けた迷惑行為について全て話します【暴露】,/watch?v=ens96m3A18U,8412281
まるお&もふこ１歳の誕生日でキャットタワー２つと猫用ケーキをプレゼント！,/watch?v=nj2_HiN-pig,12163634
【え!?】ピルクルにヒカキン変顔ロボがいるんだけどwww,/watch?v=P-EhNhG-2Qs,1154448
【密着】もふこが鳴くまで密着終われません!! したら超時間かかりましたwww,/watch?v=n07zxQE2cOM,5193473
YouTubeからダブルで謎の箱が届いたwww,/watch?v=3CvXjPLtDrA,3491077
【ランキング】ヒカキンがガチでウマいと思うセブンの商品トップ３！【2019年5月編】,/watch?v=zW4HJkuFFtc,3770137
顔面が大変なことになりました…,/watch?v=VY0EXQqSeRc,5118439
金属アレルギー検査したらまさかの結果が…【1900万円の時計のその後】,/watch?v=MgeD8MB6fyg,2883727
YouTuberヒカキンのスケジュールカレンダーを大公開www,/watch?v=otuF7G5Jyww,2087701
ヒカキンの大暴走質問コーナー100連発www【令和Ver.】,/watch?v=_vleyqsv5mU,15834632
【号泣】サプライズプレゼントが想像を絶するヤバさで号泣してしまいました。。。,/watch?v=gDqtZf5uOfM,4061876
もふこに謝罪します…大変なことをしてしまいました…【もっちゃん】,/watch?v=Tu9F_rHxgHQ,6308321
新ヒカキンTV スタート!!,/watch?v=_fxIVudzl2o,6746233
5月1日  大変なことがぁあ”あ”あ”,/watch?v=QfNGNApzFxw,1942648
まるおともふこに謎の巨大な箱が届いたので開封するぜ！,/watch?v=y6PGWPp3pA0,6444810
テレビアニメ ゲゲゲの鬼太郎にヒカキン本人役で登場します！【平成最後の放送】,/watch?v=_SzgMGtAvpk,3078190
やさしい麦茶濃縮タイプをそのまま一気飲みする原液YouTuber,/watch?v=9KdQXFDcHQk,2825290
【誕生日】30歳になる瞬間空中にいましたw バースデーケーキが超ゴージャスだった…,/watch?v=EzuaomOXyMQ,5230834
アバンティーズがまるおともふこに会いにきたらまさかの結果にw【ヒカキンTV】,/watch?v=FBpSRByD0NE,5206162
【ガチ】まるおが本当の悪さをして大変なことになりました…,/watch?v=_fJNAf6_4NU,10581395
【超激マズ!?】まずい棒 vs うまい棒！比較してみた！,/watch?v=8qV9Hy0C5zk,4859146
ダウンタウンさんと宅飲みします！400万のワインを準備しましたw【本音でハシゴ酒】,/watch?v=_u0QF2igT-k,8883861
ヒカキン、変わります。,/watch?v=VYASWTVdo9A,3291027
【超激レア】令和味？の令和ハイチュウを手に入れたので食べてみたらまさかの結果にwww【1000本限定】,/watch?v=ql9RAWINH98,1993239
令和令和令和令和令和令和令和令和令和令和令和令和令和令和令和令和令和令和令和令和令和令和令和令和令和令和【新元号発表】,/watch?v=fy6Ad6sFwyU,4581088
【100億再生突破】寿司食べながらYouTube人生13年をランキング形式で振り返る！,/watch?v=dix50t3IFjY,6411953
デカキンにヒカキンが物申す！【ブチギレ】,/watch?v=nJTx07MyB8g,4501655
ヒカキン×デカキンついに会う！初対面でデカキンさんにドッキリしたら号泣www【感動】,/watch?v=xouV5kwEDaE,15699410
【1時間耐久】PayPay ペイペイ ヒカキン【CM】【パロディ】,/watch?v=MtGDAqVDUaE,2350346
ヒカキンのウンチが漏れる本当の理由に涙が止まらない…一同驚愕,/watch?v=15AIGmEItow,5156096
【お値段◯◯◯万円!?】樹齢1000年の屋久杉1枚板テーブルにまるお&もふこ大喜びwww【新居・家具】,/watch?v=gb8B2Sv2PPw,2924826
まるおともふこにティファニーのお皿とカリカリーナをプレゼント！,/watch?v=Edd65bdIbfM,5956942
[驚愕]まるおが二足で立った理由に一同驚愕…まるお人間説…もふこ幽体離脱説…【都市伝説】,/watch?v=KMac308NLoc,6221109
タクシーで衝突事故にあって、最悪な事態になりました。。。,/watch?v=HYK91P2NeIA,5599649
700万人突破記念で謎の超巨大ダンボールが届きました。。。,/watch?v=6ykkOuy5cn4,3610985
新居でまるおと再会のママキン! もふこに初対面でメロメロw【ヒカキンTV】,/watch?v=QIRATWti9wE,3056065
２体目のペッパーくんがやってきました！【Pepper】,/watch?v=LjfSUUIqP6Q,3165242
【総額800万円!?】新居に家具一気に買ってみた！【家具家電紹介】,/watch?v=zFLb7FJB9i8,6365158
さんま御殿から謎の物体が送られて来ました…【テレビ出演に思うこと】,/watch?v=GXbZA4I0QIg,3676139
【ASMR】胃腸炎のお腹の音を録音したらマジでヤバすぎたw【閲覧注意】,/watch?v=2f4jkR6ESOo,3165008
【痛い】引き出しに手が はさまりました。。。,/watch?v=QQPTw8fYsu8,7509822
新居のトイレにトイレットペーパー20年分ブッ込んだら大変なことにwww,/watch?v=ZlqB0oY_YuE,3488461
しまむら店内で本気のかくれんぼバトルしてみたw【ヒカキン vs セイキン】,/watch?v=B5rf6CmwPKM,12987378
新居にまるお・もふこ初解放の瞬間！ & 初ちゅ〜るの瞬間w,/watch?v=-1hH9NJxvdE,5458739
【暴走】新居にて登録者700万人突破の瞬間！【ヒカキンTV】,/watch?v=WPUcPHztTmU,3739242
【家賃３倍】ヒカキン新居紹介ツアー2019！【引越費用?000万円】,/watch?v=Nh9VKYk_TlI,12138475
３年ぶりに引っ越します。今の家がゴミ屋敷なので全部見せますw,/watch?v=A48hAjywfgU,5858512
【暴露】実はマジでめっちゃハゲてます。。。【ハゲキンTV】,/watch?v=6qNQWGDg_Y8,4844796
YouTubeから怪しい謎のダンボールが届きました。。。,/watch?v=fO_1fNo-vik,3346558
【助けて】力を持ちすぎて自分が怖くなりました。。。【ヒカキンパワー】,/watch?v=8RzgOK7iBdA,2097555
【ランキング】ヒカキンがガチでウマいと思うセブンの商品トップ３！【コンビニ商品】,/watch?v=4AaIFfqAbLE,4102352
さぁやちゃん家の猫が分身した!? 2匹目の猫ルイくんと遊びまくるw,/watch?v=5SP0VTbnMfk,3255576
フィッシャーズパーク最速タイムで完全制覇？ 余裕だろwww,/watch?v=Hw_LtZoav7A,10863593
チビキンを全力で笑わせたら疲れ果てたwww,/watch?v=1FxFw9TRS0k,2974134
【絶望】1900万円の時計買って８時間で終了…【悲報】,/watch?v=h-7ySacMrR8,7568461
【感動】まるおともふこに家族の絆が生まれました。。。,/watch?v=ETcvVM7EZA4,6783014
【大暴走】雪に直角ダイブ&雪でもっこりwww【2019年】,/watch?v=xmlQX4Gcl7Q,2395889
【ヒカキンTV 2018】名場面動画メドレー！,/watch?v=eeGSVZNrvZI,3965980
【世界で3個】ゴディバの10万円チョコがヤバすぎた…【超高級】,/watch?v=jfBNWAGJh5c,7536548
【２万円】クレーンゲーム100回やったら奇跡起きたw【100円玉200枚】,/watch?v=20vunG-wXTY,13571749
【超豪華】箱ごと食べられる巨大ケーキ全部食べるまで終われませんwww,/watch?v=XfJopmwPvxQ,4080103
初！まるお& もふこ と生配信！【ヒカキンTV】,/watch?v=6WLk4gLQ7UM,6484722
【悲報】家を手放すことになりました【人生最大の失敗】,/watch?v=auIiInoxoSA,8677848
Mステの裏側を撮影してきました！【Mステ SUPER LIVE 2018】,/watch?v=Le26fxJfTVg,2752728
本場アメリカのディズニーランド遊び尽くしたらすごすぎたwww,/watch?v=Q8d8QC364ps,6548507
まるおのいびきがプゥプゥ言っててかわいすぎる…【まるお&もふこ】,/watch?v=5zJEXmjvRTA,4490477
フルスペックのゴールデンMacBook Airがｷﾀー!! 【旧Air、Proと比較】,/watch?v=CK2LvfWwuhg,2212791
まるおの奇跡の1枚が撮れました…【伝説級】,/watch?v=iAYPE9dp1TY,3119075
【小さすぎw】プレイステーションクラシックでバイオハザードとFF7やったら泣けた。。。,/watch?v=9V_8Nlzjl90,3105281
【感動】まるおともふこがパパ&ママと再会！ママ美人、パパが伝説級だったw【家族再会】,/watch?v=Yn57JWZN_vI,15457239
Mステ スーパーライブ2018にヒカキン&セイキン出演決定！【２年連続】,/watch?v=eINvp2O0qf4,905177
【宝くじ】ベジータスクラッチ500枚削ったらまさかの結果に!?【ドラゴンボール】,/watch?v=06EvL-Tth9g,6734435
さぁやちゃんの赤ちゃん猫『アルくん』と初対面！【子猫】,/watch?v=Zk6g4HCejCw,3915389
【危険】ピラニア釣りしてみたら怖すぎた。。。【超凶暴】,/watch?v=J7i1ul4cLuc,7955126
ミスドのポケモン・ピカチュウドーナツかったら1個ヤバイのあったwww,/watch?v=AzL8eXErKdo,2260844
スマブラ&ポケモンモデルのスイッチ開封レビュー！どっちも最高すぎるw,/watch?v=OMvHHTGaL-g,3591687
【悲報】YouTube Premiumで広告ゼロにしたらYouTubeじゃなくなりました…【プレミアム】,/watch?v=fgHmbBjgQEs,3109154
UUUM加入ワタナベマホト×ヒカキン握手の裏側&裏話！【U-FES.2018】,/watch?v=gCHKoyOMB0Q,2478989
今 / ヒカキン & セイキン【メイキング】,/watch?v=M--_UJpApDQ,3147370
今日が人生最後の日なら、『今』なにしますか？,/watch?v=jkoNyawuSBY,2226763
まるお & もふこをお風呂に２匹とも入れてみたら超大変だったwww,/watch?v=FzrARCqYCxo,23914756
今 /  ヒカキン & セイキン【予告編】,/watch?v=X-gq6vtyqrs,1360335
えっ!? ピルクルにオレがデカデカ出てるんだがwww,/watch?v=DIJyO53feQI,1994517
お菓子10000個ブチまけてみたwww,/watch?v=he1u8t696w8,2496942
【悲報】iPhone XR 全カラー水没！【XR・XS比較レビュー】,/watch?v=3ihBVFEY8Yw,4859448
【感動】まるお & もふこがついに一緒に遊びます！【初めて】,/watch?v=bC8uGmOTVh4,9200448
ヤバめな『YouTuber おパンティー』を入手しました。。。【ユーチューバーパンツ】,/watch?v=4b7TxHWswEw,1228754
まるお & もふこ がカービィになりました。,/watch?v=bWVJEdUHakA,6113685
お菓子ぶちまけるからみんな来てwww,/watch?v=C3ep5F3t9ck,1028051
ニンテンドーラボドライブキット全種類遊び倒してみた！【Nintendo Labo】【Drive Kit】,/watch?v=8eZK9xAtHIk,10175114
Supreme超沢山大人買いしてみた！【シュプリーム】【プレミア】,/watch?v=NFIEHVDseDs,5405308
ヒカキンの月収がこちらです【YouTuber月収診断】,/watch?v=5r1_QY-_OfA,3996668
まるおとマスオが交互にやってくる癒し動画,/watch?v=t-svehMWt4c,4422688
iPhone XSを使ってみた感想。良いところ良くないところ。【レビュー】,/watch?v=nNJTveJyaFA,4138043
コスプレ24連発してダンスしまくったら疲れ果てたw,/watch?v=IykZWDrE-RM,1644110
【遊園地ジャックしました】YouTuberだらけの遊園地で大絶叫www【U-FES遊園地】,/watch?v=2CfI2RuqpBQ,7858163
まるお&もふこ、電動おもちゃで大暴走w【キャッチミーイフユーキャン２】,/watch?v=W8boP7S4aO4,7299213
【悲報】iPhone XSとXS Maxが水没&ビールとオレンジジュースに入れて乾杯…【ゴールド512GB】,/watch?v=ZoUctuNU-us,5034986
家がゲーセンになりましたwww【超高級ゲーム機購入】,/watch?v=sQFQPH5IL2Y,9125729
【名前発表】まるおの兄妹の名前が決まりました！【まるおと〇〇〇】,/watch?v=2eR7agyOsyQ,5925644
【ご報告】まるおの兄弟が家族になりました！まるおと初対面！【２匹目の猫】,/watch?v=BC3XMn_wnEs,10116392
【悲報】ヒカキン、人生初バンジージャンプで魂抜ける…【大絶叫】,/watch?v=oygw53aNk9I,4444414
まるおがついに鳴きました！どんな鳴き声!?【まるおの成長日記 #8】,/watch?v=w_BzvTFfGzU,6655959
近所のローソンが大変なことになりました…,/watch?v=R63rHZbBdqs,4925937
真夏の逃走中で全力で逃げたらくたばりかけたwww,/watch?v=D4NHaZ2S0AY,2616873
YouTube中毒者になってしまいました。。。,/watch?v=2DksbqXN-vo,1631448
まるお、初めての雷でまさかの…【まるおの成長日記 #7】,/watch?v=pI-Eg2YUGAY,7793428
まるおと朝まで一緒に寝てみたら…【まるおの成長日記 #6】,/watch?v=d0BBcTGeITw,8687105
まるおとセイキン&ママキンがご対面！【まるおの成長日記 #5】,/watch?v=Ij_kEfyaDtw,6823178
まるおにベンツ買ってみた！【まるおの成長日記 #4】,/watch?v=f1C4n8Y6rDU,5485517
【YouTuberものまね】クジで出た缶バッジのユーチューバーモノマネしますwww,/watch?v=f8hiPCZFe_k,4007846
ヒカキン vs V.I (BIGBANG)でガチンコバトルしてみたwww,/watch?v=c8gRNhbJjyQ,716384
まるおの寝顔がかわいすぎる件…【まるおの成長日記 #3】【ヒカキンTV】,/watch?v=hCIqTp0FaN8,6469898
【80万のノートPC】フルスペックMacBook Proがキター！【ヒカキン流買い物論 #2】,/watch?v=00780KJVvek,2571427
BIGBANGのV.Iさんに韓国語教えてもらうwww【ヒカキンTV】,/watch?v=2KYfH8Qb4DE,1383444
マンガ1000冊45万円分一気に買ってみたらヤバすぎたwww【漫画全巻まとめ買い】,/watch?v=dITj2yI1ez4,5515987
長友選手 vs ヒカキンでサッカーPK対決したらまさかの事態にwww,/watch?v=FLvSdJv1MlI,4957677
まるお、初めてのトンネルで大暴走w【まるおの成長日記 #2】【ヒカキンTV】,/watch?v=fG7eCt26Vrk,7513520
しゃべって動くピカチュウ100匹同時に電源入れたら大変なことにwww,/watch?v=mUjtlhoFqs4,2822815
【心霊スポット】廃墟探検したら出ちまった…【心霊現象】,/watch?v=RfbAYeX4Wcw,5462808
ユーチューバーオールスターでコスプレして渋谷出没したらヤバかったw,/watch?v=ETAbAOo6IXA,6535459
まるお、初めての爪とぎタワーで大暴走！?【まるおの成長日記 #1】【ヒカキンTV】,/watch?v=taV-Cag7x-Y,9627113
【ヒカキン a.k.a.課金】超巨大ブルドッグスピーカーがゴージャスすぎてヤベェ…,/watch?v=Smn5bZZLNwE,3039744
猫の名前が決まりました！【ヒカキンTV】【ねこ cat】,/watch?v=78y5jcV1Dmg,11391183
動物50種いる施設が完全にジャングルだったwww,/watch?v=G-W3hlT_Pq4,8649062
【ご報告】家族が増えました！猫飼います！【ヒカキンTV】【ねこ  cat】,/watch?v=2-Am8llw87c,21205720
カフェで全メニュー食べきるまで帰れませんwww,/watch?v=1s_29igEqcs,4388649
スーパーで働いてる時の秘蔵映像を発見しましたw,/watch?v=YLo9K5lD5bs,4607142
【拡散希望】ヒカキンと一緒に西日本豪雨の被災地に募金しませんか？,/watch?v=OSuNMpjvgh8,4217466
胃カメラで胃の細胞を取ったら生き地獄だったwww,/watch?v=UUUTH7j-D58,5441152
小顔ローラー本気で1時間やったらビフォーアフターがヤバイwww,/watch?v=Ct7uspWZTUE,5047469
【ロシアW杯】日本代表 vs ベルギーを渋谷よりも熱く自宅で応援した男の物語【決勝トーナメント】,/watch?v=Vk7s25N1lQM,2159096
超巨大カービィぬいぐるみがデカすぎワロタwww,/watch?v=yVeSCcKY5lQ,1175844
"【大食い】超高級寿司店で３人で食べ放題したらいくらかかるの!?【大トロ1カン2,000円】",/watch?v=R7V5d94XkGQ,9522865
【女王集結】女性YouTuberたちと飲みながら本音トークしてみたら爆笑www,/watch?v=2R9_bkcWNd4,5278907
【悪質】偽物ヒカキン許さねぇ…注意してください！【なりすまし】,/watch?v=EU8S-zxS9PI,5157265
ツイッターのヒカキンシンメトリーBotが面白すぎて爆笑www,/watch?v=5wnfkIfw0jE,2365151
【放送事故】酒飲みながら東海オンエア×ヒカキンで質問コーナーやったらヤバかったwww,/watch?v=-6duBsde_XM,4954723
W杯後の渋谷でゴミ拾いしたらゴミの量ヤバかった…【ロシアW杯 日本 vs コロンビア戦】,/watch?v=SFYsgddkQ34,4225425
しまむらでセイキンが働いてたwww ヒカキン&セイキンしまむらでグッズ発売決定！,/watch?v=pxTcV3B1sDw,2440822
【3000万円超え!?】ヒカキン、人生最大の買い物！ルイ・ヴィトン×FIFA W杯コラボ商品全部買ってみた！【2018 ロシアW杯・2018 FIFA World Cup Russia】,/watch?v=HrJr2MRno5s,5947978
チョコミント好きに物申す！【チョコミント嫌いが20年ぶりに食べる】,/watch?v=Cvj4OxZQ78I,2435212
東海オンエアにコカ・コーラ クリア飲ませたらもめ出したwww,/watch?v=hVAvXoYhkvw,2595949
【超閲覧注意】キモかわいい展がキモすぎ&かわい過ぎて汗ダクダクwww,/watch?v=6DOxJ8OGyjM,8267344
【エンドラ討伐】マイクラの光って音もなってバトルも出来るソードがマジでヤバい！【マインクラフト ライト&サウンド アドベンチャーソード】,/watch?v=KHTexo5G5yE,3743193
【世界に10個限定】10kgのダンベルiPhoneケースがもはやケースじゃないwww【ジャパネットひかた】,/watch?v=HaUvkAXPrzA,1894815
【味覚終了】超すっぱいカップ麺10倍にしたら唾液在庫切れwww,/watch?v=_ZiZQboSXWU,2910863
【壮絶】激レアなユニクロドラえもんぬいぐるみ争奪戦 in 横浜【村上隆さんコラボ商品】,/watch?v=OoJ9Elysi9M,4527486
チビキンちゃんにドン・キホーテから謎のダンボールが届いたのでプレゼントしてみた！,/watch?v=sXp3DfcuJps,6159847
ユーチューバースポーツ王決定戦！運動神経が1番いいのは誰だ!?【ヒカキン vs ンダホ vs てつや】,/watch?v=N69XEH1h1VY,6313081
メルカリで買ったアルミ玉磨いたら超ピカピカにwww【劇的ビフォーアフター】,/watch?v=O0wSi-Pawhg,5291567
【武勇伝】ヒカキン免許伝説【免許証】,/watch?v=TTR4qjrUo-o,4542119
"【50,000円分】メルカリでアルミ玉を大量購入したら超ヤバいのあったwww【アルミホイル・鉄球】【ボール】",/watch?v=mVJLF4tYIKE,16389457
ヒカキンの夕飯ライブ！【生質問コーナー】【体調不良】,/watch?v=8ca5lMeva-U,3222772
【超巨大】アルミホイル250mハンマーで叩きまくったらピカピカ巨大鉄球出来たwww【アルミホイル玉】【ボール】,/watch?v=rJ_EuCXKx6U,22923862
『戦闘中』で『逃走中』以上に大暴れしてみたw【YouTuber初参戦】,/watch?v=MhDBpqCyPEA,2764058
今後についてのまじめな話 & マイクラ実況について【ヒカキンTV600万人突破記念】,/watch?v=w_Yard3Xf8U,3089689
【大量購入】え!? ドンキにヒカキンマスク売ってんだけど…【変顔王・HENKIN】,/watch?v=HCq2g_PQfP8,2579254
星のカービィの一番くじでラストワン賞ゲット！【プププリミックス】【グルメレース】,/watch?v=t8ZamIx7fBM,3147333
卵をお椀に入れて転がすとヤバイヤバイって叫び出すwww,/watch?v=Md6-jnygdj4,5308460
サンリオさんからとんでもないプレゼントが届いた！【サプライズ】,/watch?v=Yyc7OLN6mm8,3274976
ニンテンドーラボ全種類遊びまくってみた！【Nintendo Labo】【ロボットキット&バラエティキット】,/watch?v=iiTP6Qc_4sQ,15210694
転職しようかねぇ…,/watch?v=-5PC8n5uk9Y,1364247
震度７を体験したらヤバすぎた…【地震に備えよう】,/watch?v=le7XUFQ2mi8,7780185
【検証】ヒカキン、メガネなしなら気づかれない説 【北海道 札幌編】,/watch?v=haWsuUL4mGQ,3258575
【1400万円】ルイ・ヴィトン × シュプリームのトランク&スケボー開封！【Louis Vuitton × Supreme Trunk】,/watch?v=9ePCkAXXTtI,10398689
iPhone8 Red 開封！ピッカピカで超カッケェ！【PRODUCT RED】,/watch?v=CLfB2JtvKT0,3654960
パンじゃなくてトマトではさんであるハンバーガーがヤベェw【とま実バーガー】【モスバーガー】,/watch?v=CV1biiM4jKI,1662129
【セイキンジュニア誕生】ヒカキン、ガチでおじさんになりました！【ポンちゃん出産】,/watch?v=BXE0r_ni99w,9746136
弁当100種類食べれるまで帰れません！ヒカキン×フィッシャーズで語りまくる動画！,/watch?v=4mQ8pKTBbmA,11366215
【放送事故】発狂しながらペロペロバトルwww【フィッシャーズコラボ】,/watch?v=J4UmKGc-Clk,14284205
UUUMガチャ引きまくってコンプリート!?,/watch?v=JgcxZPoe2_I,4189372
みなさんに謝りたいことがあります。,/watch?v=f0uHcPBS1aw,5122163
【30万円】我が家に犬がやってきた！【AIBO】,/watch?v=3gJ81huC9ho,8429563
【なにこれ!?】色が変わりだすレモネードが不思議ぃぃぃぃぃぃぃぃぃぃぃぃぃぃぃぃぃぃぃぃぃぃぃぃぃぃ！,/watch?v=8kJ2BecFNow,1727067
【もはや鏡】アルミホイル2日間ハンマーで叩いたら超ピカピカの鉄球出来たw【ボール】,/watch?v=LrxsE-tbR48,16318546
ヒカキン&マホトで関西コレクションのランウェイ歩いてみた！【関コレ】,/watch?v=2cAJBpQu39s,2102760
ポップコーンとかワンタンとか焼きそばとか意味わからなくて暴走www,/watch?v=pwn8Ee9oFm4,2164407
【世界初!?】プロユーチューバーになりました！【プロYouTuber】,/watch?v=zl5qZ4pBgVk,2718744
【大食い】超高級イチゴタワー全部食べれるまで帰れません！【1粒400円】,/watch?v=TJoGgMPxE0k,18562501
YouTubeの黒い部分について話します。実はもう真っ黒です。,/watch?v=iv5VzSY3NHc,1860762
【検証】ヒカキン、メガネ外せば街で気づかれない説【新潟駅編】,/watch?v=6oXvxSPKets,2487831
【超大量開封】ユーチューバーチップスでレアヒカキンカード引けるかバトルしたらまさかの結果にwww,/watch?v=yQPWggK5J6o,7413927
【ユーチューバーの闇 】みきぽんの本性がヤバすぎた…,/watch?v=YdyE2PQh3D4,3154925
バーバパパドーナツがウマすぎて感動したお話【クリスピークリームドーナツ】,/watch?v=Cf11X6Z9dcY,4528476
成功者ヒカキン、語ります。,/watch?v=jsmUneLpays,1529619
【旅動画】 一泊16万の超高級ホテル！ヒカキン&マスオ愛媛松山の旅！,/watch?v=0MAczNS-N14,11843938
初めてはじめしゃちょーの家行ってみた！,/watch?v=pvVYE7lEjDs,8052466
【閲覧注意】おしっこ飲んでみたwww【尿】,/watch?v=geiq6kpJ2gI,4938482
ユーチューバーチップス大量開封してヒカキンレアカードを当てる！【YouTuberチップス】,/watch?v=WeMiCj1AW2E,6904183
"【1箱2,000円】幻の森永ダース『パンダース』を入手しました！【森永DARS】",/watch?v=JDno3uvv3CA,1791431
Mステ２時間スペシャル出演決定の喜び,/watch?v=vcA095WbnNI,1076299
ポムポムプリンまんにケツの穴が無い件… 【肛門】,/watch?v=0gD-Bc4xdDE,1869700
新居のベッドでトリプルアクセル? 余裕だろwww 【フィギュアスケート】,/watch?v=TTxdyyHqiAk,1376496
新居のキングサイズのベッドで暴れる28歳独身男性【ヒカキン新居】,/watch?v=G5qSTJLj0DA,3535599
カップヌードルポテナゲにガチのポテナゲ入れて最強にして食べてみたwww,/watch?v=tScZQ95AeIs,2563505
みんなでチョコグラスでビール飲んだら大惨事!?,/watch?v=_7H2MZcOdEc,11161562
スーパー店員時代のヤバい話 #2 【腕ヤバいやつ来た事件】,/watch?v=4yFLn2KwBOw,6856648
【160万のPC】フルスペックのiMac Proがキター！【ヒカキン流買い物論】,/watch?v=5rVcO7RCaus,6034058
【暴露&本音】ヒカキンのぶっちゃけ質問コーナー！,/watch?v=ga87tMU0nOI,3107114
セブンイレブンのベーコンエッグおにぎりが超絶美味いらしい…,/watch?v=w_kC_AT9QAg,2394401
【閲覧注意】負傷しました【第1回負傷TV】,/watch?v=GZwjEGSGE-U,2950838
カワウソの赤ちゃん抱っこしたら超カワイイwww,/watch?v=SgmTRWYLw4o,12196721
ダウンタウン浜田さんにひっぱたかれましたwww【本音でハシゴ酒】,/watch?v=OJA-JbzvRxw,4882866
タクシー運転手にブチ切れました【愚痴動画】,/watch?v=85uASNcQEKQ,3425027
バクモンビートボックス,/watch?v=XM8DazQI1ns,1058698
夜一緒に寝る子を紹介します,/watch?v=k0CacSrwdsM,3065954
ヒカキンとサム・スミスで顔交換したら大爆笑www【HIKAKIN × Sam Smith】,/watch?v=D6pN-w4XclY,1088010
マスオTV100万人突破の瞬間が嬉しすぎて暴走www【祝福】,/watch?v=omoxqb28zPs,6232035
【超高速】全力の早口で商品紹介してみたwww【コカ・コーラピーチ】,/watch?v=wIQgh6zeKCQ,3367584
【鼻終了】臭いものだらけのにおい展行ったら鼻おかしくなったwww【加齢臭】,/watch?v=dbKO5QVWclo,6629404
スーパー店員時代のヤバい話【シュークリームブチ切れ事件】,/watch?v=ernDAfoD-o0,3893282
一般人格付けチェック？100点余裕だろwww,/watch?v=2yYjCS48OMw,1340833
夜のユーチューバー、ヒカキン,/watch?v=FZo1-PXc2vI,2123215
【ドッキリ】マックスむらいをトイレットペーパーで生き埋めにしてみたwww,/watch?v=oWkASDGrj0s,2489774
【女の子の足の裏味の唐揚げ】がまさかの味だったwww,/watch?v=UlfYJBH64MU,2045324
JK語検定本気でやったらまさかの結果にwww,/watch?v=GTM4l2OVREY,3022377
"超巨大な ""ブラックサンダー大金紛"" がデカすぎたwww【3917kcal】",/watch?v=q1YcFgsWIe0,5586788
Siriのおみくじで凶出るまで終われませんwwwまさかの大大大吉!?!?!?,/watch?v=wIWBdTPIg3Y,1562010
【暴走】ケーキ、カゴごと全部食べたるわwww【インスタ映え】【インスタグラム】,/watch?v=6Ds0xXPsZj0,2291827
YouTubeから届いた謎の白い箱の中身がありえないものだった…,/watch?v=nw0pK6pg6gg,3944475
【総額???万円】ルイ・ヴィトンで変わったもの大人買い！【スネキンTV】,/watch?v=xhDkd2eywzU,3670855
誰もいない夜のUUUMに侵入してみた。。。,/watch?v=OxonEiUp03o,1675336
【超高級】家族に200万円のおせちをごちそうしたらヤバすぎたw【親孝行】,/watch?v=MhFXdXH0Njk,10137622
逃走中でハンターから逃げまくってみたw【賞金120万円】,/watch?v=JFv4RY_ZLOE,6201270
"400万の純金ハンドスピナー分解してみたw【金の延べ棒】【$40,000  24K Fidget Spinner 】",/watch?v=vLW3jXhpWYg,3289031
【大暴走】雪にダイブして雪食べまくるwww【恒例行事2018年ver.】,/watch?v=5PlI9i4XWDk,6717361
【ヒカキンTV 2017】名場面動画メドレー！,/watch?v=ajTHIbsJB-0,4853962
いきなりLINEスタンプ500連発したら人はどんな反応をするのか？,/watch?v=8ornC2bb-Ng,6949279
【大食い】1個1000円の金のシュウマイ全部食べるまで帰れません！【からし入りドッキリ】,/watch?v=hCq53nhay7I,16436851
【ドッキリ】東海オンエアのてつやをビルから落とすドッキリwww【ヒカキンTV】,/watch?v=G2DZ_9gcQDU,6659057
【閲覧注意】呪いの毛ボール育成はじめました【ヒカキンの地毛】,/watch?v=JMclUlFKv8s,2451266
"400万円の純金ハンドスピナー買ったらヤバすぎたwww【金の延べ棒】【$40,000  24K Fidget Spinner 】",/watch?v=So1uRLXRf84,7096218
彼女とラブラブデートしてみた【プライベート暴露】【ヒカキン流デート】,/watch?v=hpier1sD9DU,8580880
【裏話】Mステの裏がヤバすぎたので話します！【Mステスーパーライブ2017】,/watch?v=SS35OJlRPms,2682142
Mステの裏側を撮影して来ましたw,/watch?v=Gvwj_3EnMf8,4371916
YouTubeからクリスマスプレゼントもらった！！！,/watch?v=mU_R7wq0JBs,2433165
【悲報】ヒカキン、テレビで号泣…その時の映像がこちら,/watch?v=LaNsq0g8rUA,5481519
【新居】ヒカキン、２つ目の家を借りました！,/watch?v=duKNLc9ILJU,5234986
縄文土器でラーメン食べたら大爆笑www(フタの向き逆でした😂),/watch?v=ZMRvu73bTiA,1891757
【貴族の遊び】超高級純金トランプ家中にバラまいてみたwww,/watch?v=6tlSt-_BdQY,3088747
とーろくとうろく♪のエンディング復活じゃああああああああぁぁぁぁぁ！！！,/watch?v=YutmNRK7lYY,6296840
ゔゔぇゔぇゔぇゔぇゔぇゔぇゔぇゔぇゔぇゔぇゔぇゔぇゔぇゔぇゔぇゔぇっゔぇゔぇゔぇゔぇゔぇゔぇゔぇゔぇっゔぇゔぇゔぇ,/watch?v=wekgJfqMN5I,2904369
【私物】YouTuberヒカキンのバッグの中身を全てお見せします！,/watch?v=vypzdKWeIA0,3380844
【喧嘩】1人YouTuberあるあるやってたら喧嘩になったwww【ユーチューバー事情】,/watch?v=kKxaskF89G0,1453479
【味覚終了】激辛ヌードル辛さ108倍にして食べたら頭おかしくなったwww,/watch?v=ulNXBN0XDRY,6218834
ヒカキン流コンビニ爆買いwww【プライベート・日常】,/watch?v=Q76v8IMsmf0,9790344
ヒカキン握手会でまた大暴走www【福岡】,/watch?v=UPvxTVIZeIg,8018291
ヒカキン&セイキン Mステ出演決定！【Mステスーパーライブ2017】,/watch?v=sW1iAqndlUU,1848183
ぶっちゃけ質問コーナー生配信！,/watch?v=VuYhbolXGnI,877629
YouTubeのウザい広告自力でやってみたw【1分耐久】【Tik Tok】【パロディ】,/watch?v=OBLxGnyOnss,6657999
はみだしちゃったw,/watch?v=CdIDEykgemc,1612942
激レア2DS LLに謎のボタン発見したwww【ピカチュウエディション&モンスターボールエディション】,/watch?v=DuD53PQOFns,1578243
【超神引き】スーパーマリオ オデッセイ1番くじでかつてない超神引き！,/watch?v=VXXDoj41m60,2228611
幽霊触っちゃいました…【心霊現象】,/watch?v=ULPAJ7R3wjI,8679955
『逃走中』に出て本気で逃走したらヤバいことにwww,/watch?v=2m-8Gu4bmVM,7181829
カビゴンを愛してしまった男の物語,/watch?v=OlQvCp2QDfA,1849300
カービィまんをひと口で超残酷に食べてみたw カービィ商品大人買い！,/watch?v=mTPQ8-IcbXY,1630153
【心霊】動画で背後にヤバイものが映り込んでました【恐怖映像】,/watch?v=Lt6tA8MiysQ,11877135
東海オンエア&ヒカキンで大暴れしてみたwww【UUUM加入 & U-FES 2017】,/watch?v=ncfK0vFq114,7233036
奇跡が起きました。。。,/watch?v=wQfnmSpu1rg,2631303
1秒で誰でもユーチューバーになれる魔法のような商品！【ジャパネットひかた】,/watch?v=cx2H-lYwTAs,1867375
【お値段◯◯万円】超高級大仏キャンディ食べてみた！,/watch?v=xSs1jwIVTg4,2290287
【悲報】iPhone XからiPhone 8にしました,/watch?v=xnxqDPx-FsM,8490417
水中ドローンで海の中みたら巨大魚が!?,/watch?v=MSNzh8v1rlk,2730499
【〇〇万円！】最高級のアップルウォッチシリーズ３でセイキンに電話してみたw,/watch?v=T_XJi53kIxI,4633492
母親にペヤング『もっともっと激辛MAX』食べさせたらヤバいことにw,/watch?v=oNBywFKc_8g,2402483
大切なものを無くしました…,/watch?v=xZFKVc1mi24,12022597
【悲報】iPhone X、水没 & 全力の変顔でFace ID(顔認証)やったらまさかの結果に！,/watch?v=t6Jf3s2LE6U,7784866
【ドッキリ】本気で変装してマスオ襲うドッキリwww【特殊メイク】,/watch?v=oMooEaRgdh0,6789640
ヒカキン vs 草なぎ剛！コーラ一気飲みバトルしたらまさかの結果に！【負けたらデスソース】,/watch?v=DYDMgCGJePk,8393855
【卵1個1200円】日本一高い卵かけごはん作ったらヤバすぎたw【TKG】,/watch?v=uSyVGcgZINE,24187014
ハロウィン質問コーナー生配信！何でも質問してちょ！,/watch?v=tx-wkBpVgxk,1666545
ニンテンドースイッチ スーパーマリオ オデッセイ セットまさかの当たったー！,/watch?v=iUL4FRq4KRI,6736808
誰でも来れるヒカキン&セイキンハウスが完成！,/watch?v=dsW4xDotQn8,2726748
ミステリーだねぇ。。。,/watch?v=vscjz-mC9KQ,1249780
"7,000人てすごいよねぇ…",/watch?v=cJ3lThuWcjE,895738
自分買ってみた,/watch?v=nYEGUUqN6fs,3488734
【超巨大】丸ごとかぼちゃプリンがやばすぎたw【ハロウィン】,/watch?v=LnVGpdN1xXU,1555918
【暴露】雑草の裏話【秘話】,/watch?v=pWPIyUAtBgo,1819487
【悲報】ゴキブリを愛してしまいました【閲覧注意】,/watch?v=J7h2D8U8uPI,6635913
雑草 / ヒカキン＆セイキン【メイキング】,/watch?v=9h9XgH6INPU,5581183
【暴露】ヒカキン&セイキンは雑草です。,/watch?v=M_iZxwf5Uoc,3751972
【閲覧注意】指と目玉が入ったピザ!?がグロすぎた。。。,/watch?v=3Vmg4TEPiU8,3018901
7万3000円の最高級松茸が丸かじりしたらヤバすぎたw,/watch?v=0ghxhRa5Onc,6838631
無人島探検したらまさかの海賊旗と宝箱発見!?【ヒカキン×釣りよかでしょう。】,/watch?v=7NiEo-F4rbw,2659661
初めて船で釣りしたら釣れすぎたwww【ヒカキン×釣りよかでしょう。】,/watch?v=7PN257zUhmI,3201588
カップヌードルの謎肉40倍にして食べたらもはや土だったwww,/watch?v=NBlNJ82JxJo,4541909
セイキンに最高のサプライズプレゼントあげてみた！,/watch?v=quzKYJB-o08,3356763
ニンテンドークラシックミニスーパーファミコンで感動しすぎて死にそう…,/watch?v=RSlAmHEN_RQ,7745958
【閲覧注意】ゾンビアメの見た目がホラーすぎてヤベぇwww,/watch?v=DL0HCeRIxOQ,1446599
ドラえもんのクッションに腕突っ込むwww,/watch?v=ubhFioe4vfk,843646
NMB48のライブに乱入してみたwww,/watch?v=K9nzZYYq4hQ,3801122
食パンソファベッドが最高すぎるwww,/watch?v=WSLEmY3YW2c,3125793
初！生放送で商品紹介してみたら爆笑www,/watch?v=TD3ldaUlC4Y,2534521
生放送質問コーナー！ガンガン質問してちょ！,/watch?v=kEz9mZBupAc,1540329
透明なミルクティーだと。。。俺は信じんぞ！,/watch?v=K6_Hffv_nnU,3261223
家売りますwww,/watch?v=FB3oacqU7PQ,2529361
【悲報】iPhone8、風呂に沈む,/watch?v=BeimUUFRb3k,7296551
【暴露】実はヒカキンには2人の娘がいます。。。,/watch?v=UZcQ3rePQhs,30905946
ヒカキン、ポケモンマスターになりました,/watch?v=BdcFyxQY33c,2653279
やつが帰ってきやがった…,/watch?v=dIqyo-z1PJs,2018828
【愚痴動画】ヒカキン、外歩けなくなるwww【悲報】,/watch?v=lQVq68MkoBs,7358206
ヒカキン × SEKAI NO OWARI！セカオワハウスに潜入してセッション！【RAIN】,/watch?v=8WJxsEWakaM,6082940
お風呂で巨大ゴキブリとバトルwww,/watch?v=I7hOeTJklQc,9500839
ヒカキン、斎藤さんデビューしたら全然信じてもらえずwww,/watch?v=gGRmCO93ABg,7466378
YouTubeから謎のダンボール箱が届いた。。。,/watch?v=CqgmWIg_xGs,2590495
iPhoneでヒゲがそれるだと！？指毛そってみたwww,/watch?v=x699P3neEUk,1250393
YouTuberのお金事情を暴露!?,/watch?v=htJ8OFFM4Ts,5385578
虫とりに行ったら超奇跡的なことが起きた！,/watch?v=jcIsQZvCil8,4982267
ヒカキン握手会で大暴走www【名古屋】,/watch?v=k1AHaW3Ir6I,11221264
【500発】自分で花火大会開催したらヤバすぎた！,/watch?v=6igLEEJ44_8,4479950
上場セレモニーで鐘おもいっきり叩いてみたw 【UUUM】,/watch?v=kcR8XCnmi3Y,1047432
夏の終わりに生配信！,/watch?v=4mJbbW--qcs,941758
【悲報】ヒカキン、通帳を見てヨダレを垂らす…,/watch?v=IsVeadX1MI0,5683760
ヒカキンTV登録者500万人突破を秋葉原で祝ってもらったw,/watch?v=FQNjcsAoOio,1457502
ぼくたち、休みます,/watch?v=uLdvU-zRi8A,7620060
はじめしゃちょー×ヒカキン×シルクで虫入りチョコジャンケンバトルwww,/watch?v=V37CfQOghV8,11235986
【難易度世界一!?】ありえないルービックキューブを手にいれたwww,/watch?v=IEuNA6ShyxI,2278946
【1等は高級料理!?】1回500円のガチャでメシが決まる「ガチャめし」やりに兵庫へ！,/watch?v=eIlx6qzwMWo,5193417
【PHSコラボ】虫食いジャンケンバトルやったらガチでやばいことに…【閲覧注意】,/watch?v=pL0tiDbX9n4,8509340
【悲報】昨日の動画にゴキブリ映ってんだけど…【閲覧注意】,/watch?v=siDKW2mI8-Y,7829808
【恋愛】YouTuberで最もモテる男マホトのモテ講座！デート必勝法！【告白】,/watch?v=o8mC7MHgsmM,3060327
即完売のスプラトゥーン2 nanacoフィギュアがｷﾀ━(ﾟ∀ﾟ)━！ヒカキンnanacoデビュー!,/watch?v=C5I9z-bbAto,1449849
ヒカキンから重大発表があります,/watch?v=mCdd3JeV8UE,3453111
【PHSコラボ】30万のドンペリでメントスコーラやったらパリピすぎたw【ヒカキン×マホト×PDS】,/watch?v=kVrJh1-eqIE,6893134
【当選発表】ニンテンドースイッチ スプラトゥーン2セット10名様【プレゼント企画】,/watch?v=2uzE5nhO-tA,1842874
1本300万円のワインと3万円のワインを当てられるか！フィッシャーズ×ヒカキン！YouTuber格付けバトル！,/watch?v=fzTmLEePXks,7903573
1万円でクレーンゲーム100回やったら何個取れんの？,/watch?v=ydE_tp5142w,21496717
【閲覧注意】また超巨大ゴキブリが出現！壮絶バトル！,/watch?v=j8CZ8Z6g7Eo,10934978
ヒカキン×マホト×PDSでやって欲しいことある？リクエスト募集！,/watch?v=fshUpXgufnk,1459778
ヒカキン、明石家さんまさんに会う！ホンマでっか!?TV出るよ！8月9日(水)21時から！,/watch?v=cmuJiTZVJMU,1132279
ドラクエ11グッズ大人買いしてみた！【PS4、2DS LL、コントローラー】,/watch?v=DwdB5dn-HQQ,2274455
ヒカキン、握手会で暴走www,/watch?v=bxpsiCS2YKM,2477369
半年待ちの超人気商品がついに届いた！！！,/watch?v=IRgd0VI3msc,5790262
ヒカキンドラゴン vs セイキンロボwww,/watch?v=X7FnYc5Y7V8,1638468
【超閲覧注意】ヒカキン vs 巨大ゴキブリ【2017ver. 】,/watch?v=w9VwOwLbI90,9751882
【悲報】ヒカキン、週刊誌に撮られる…,/watch?v=6l1D2w45qGM,7180153
登録者計1000万人突破記念の生配信ぶっちゃけトーク！,/watch?v=Ihj2NrdT3us,3327784
【サプライズ】セイキンの誕生日に最強の猫プレゼントしてみた！ 【ポンちゃん】,/watch?v=oVTPOS0PyVc,3661042
ヒカキンと一緒に九州北部豪雨の募金しませんか？【拡散希望】,/watch?v=mXxAHMdLuos,1563527
【プレゼント企画】ニンテンドースイッチ スプラトゥーン２セット10台10名様にプレゼント！,/watch?v=UQgPv5C2_Oo,5946677
【閲覧注意】1年冷蔵庫で熟成させたパイナップル食べたら危なすぎた【真似しないでね】,/watch?v=MHuP1-_Ya04,2398162
アイス何段重ねられるかチャレンジ！目指せ10段！,/watch?v=DioEc48HWug,5054636
【閲覧注意】1年間冷蔵庫で熟成したバナナ食べたらシビれた…,/watch?v=sgvXsIgBA0A,4196054
60万円の金のモンストネックレスがついに届いたwww,/watch?v=LcC7c7-QnlU,4085183
神引きｷﾀ━(ﾟ∀ﾟ)━!!! スプラトゥーン２の一番くじ引いてみた！,/watch?v=bCX5vPeSl20,2830402
【超高級】5万4000円の弁当がヤバすぎたwww,/watch?v=Ed1U69XQG3s,6487034
スプラトゥーン２グッズ爆買いしてみた！【Splatoon2】,/watch?v=rbwxxnQjQkw,6285588
AIロボットの知能がヒカキンを超えている!?【COZMO】,/watch?v=FDFXA6FHyb8,4609664
ヒカキンTV６周年！ありがとう！,/watch?v=_5_9aWZbdRE,3110496
汁なし…,/watch?v=6H9X8Qu0NbE,1813239
スプラトゥーンブキコレクション２箱買いしてみた！,/watch?v=Gx4VYNLQcHg,7915044
YouTuber展行ってみた！,/watch?v=Ec76xcEvazs,3101444
すいか団子がスイカすぎてヤベェwww,/watch?v=zg7gx1gcbG0,3918731
自撮り出来る超小型ドローンが未来すぎた…【AirSelfie】,/watch?v=-ZLI6BDhQX0,2312723
アイスでDJが出来るだと!?www,/watch?v=BADJArCNaAY,9232957
ヒカキン、妖精になる,/watch?v=XXQYcYo8Ink,2188460
ダウンタウンDX出るよビートボックス,/watch?v=PLq3wjMS2WA,1353563
タダでiPhone7プレゼントしません！,/watch?v=_hNTP3VJzUs,2889934
ヒカキンの黒歴史を暴露します,/watch?v=mNzos5v-b1o,1658521
スイカパンがリアルすぎてマジヤベェ！！！,/watch?v=IR74H6WSI6I,5184729
ヒカキン、人生で最大の買い物をする 【1500万円】,/watch?v=cQ9kGR8Mq0M,14877627
50倍チョコボールがデカすぎて食べれねぇwww,/watch?v=c64igSk8wz0,17569732
2500円の超高級パナップがヤベェwww,/watch?v=HklSvGTP_qA,2081828
超大量のハーゲンダッツで冷凍庫パンパンにしてみたw,/watch?v=6M9XB739T68,6092044
10分間全力で笑い続けてみたwww【ノーカット・耐久シリーズ】,/watch?v=6ZECFylrrVk,1262389
ヒカキンvsセイキンでタマゴ30個割りまくりバトル！【うまれて!ウーモ ミニ♡】,/watch?v=dcwsictGURM,7436872
1時間無言でにやけ続けてみた(ノーカット),/watch?v=5yHuqm4RH34,1600462
明日の朝めざましテレビにヒカキン出るよん♪見てねー！,/watch?v=pRwR28s5m1M,651650
助けて。兄ちゃん。。。,/watch?v=3lGbII4a79s,12091519
明るいねぇ…,/watch?v=e9VmhEDVDF0,1660148
家の壁が光り出したんだが,/watch?v=b5yDpnxtOhk,1495078
ハンドスピナー付きスマホリングが意味不明すぎて爆笑www【Fidget Spinner】,/watch?v=ZHNCEtBDfEc,3588665
生GACKTさんがヤバすぎた件,/watch?v=Az9TRGefohU,2094551
【お願い】もうやめて。。。,/watch?v=paA-390UIMg,6364661
【悲報】メルカリにヒカキンが売られてた,/watch?v=kIfEX5LLZtI,4893367
超高級トイレットペーパーでおしりふいてみたwww,/watch?v=aEUEsPrz6RU,2025154
実は僕、変態なんです,/watch?v=ZcSXFLd7dl0,2526503
【最強決定】ハンドスピナー頂上決戦！民族 vs ニセ民族！【ヒカキン vs セイキン】【Fidget Spinner】,/watch?v=d3SnQ49utsE,12193483
え!? 中学の時のG-SHOCKの値段が〇〇万円にはね上がってたw,/watch?v=z-wzlGG86ts,2388915
過呼吸キンライブ。生質問コーナー,/watch?v=LZsUq6RS4j0,1900017
大事件が発生しました,/watch?v=0DTEQnjJ-EU,9502231
【お値段◯万円!?】ガチの金で出来た耳かき買ってみたwww,/watch?v=1BbrbfH_sMA,1587787
ロッテリアで同意書にサインさせられた件…,/watch?v=qFgHW4uGdpk,5425543
無言で大阪行ってたこ焼き食べてすぐ帰ってくる動画,/watch?v=wKLVkJKyb5M,5863706
実はYoutuberじゃないんです,/watch?v=jsk_TSJkMb8,5016201
寿司屋で喧嘩売られました,/watch?v=Y3GGjmr-mlE,8234739
【◯◯◯万円!?】店のもの全部下さいって言ったら超大変なことになった…,/watch?v=UmgiPORUg5g,26236786
1日で沖縄の海入って北海道のみそラーメン食べて帰ってこれるのか旅行,/watch?v=tZVzurvC9tA,14813789
ローソンのドラクエくじで神引きしました！,/watch?v=7u7jiNdMh7c,1987952
UFO BIGわさびマヨ地獄が地獄どころじゃない件w,/watch?v=ieufjmzg0ms,4829384
コンビニで喧嘩売られました,/watch?v=Nk2v3mL3Bv0,10011800
調べたらamazonで1ヶ月〇〇万円も使ってた…,/watch?v=rCrio7jNHg0,4815356
とにかくデカいものを口にブチ込む動画www,/watch?v=_wd74gylqLQ,2762158
◯◯万円の梅干し食べてみたらヤバすぎたwww,/watch?v=ptaXTJ7cdxs,4472908
電動ドリルの超高速回転でアメ舐めたら大変なことにwww,/watch?v=wYnTbz1cF3g,12206006
YouTuberの黒幕、YouTube界のドン、ヒカキン,/watch?v=jfOo5AbmMAY,1944211
ハンドスピナーどれが一番長く回るか選手権！ヒカキン vs セイキン！【Fidget Spinner】,/watch?v=IbE191bz9do,13325960
ユニクロの任天堂コラボTシャツ全種類買ってみた！,/watch?v=Ht9ndA6A-Pc,1120906
うさぎ島でウサギに埋もれてみた！廃墟にもウサギが!?,/watch?v=tMomx2I4TpM,12722844
うさぎだらけのうさぎ島へヒカキンが行く！【上陸編】,/watch?v=SHdcjABThKk,3160250
超久々にランドセルを背負ってみたwww(小学22年生),/watch?v=ZvhsveIM0zA,2998374
皮ごとバナナ食べてみたw,/watch?v=OToDl1cMdtM,5567057
キツネ食べるよ…,/watch?v=tztA2MrZOzY,2088104
パインアメ味のポテトチップスがマジでパインパインしてやがるぜ,/watch?v=DfJ2oNKUy10,1590843
ダンジョン買ってみたw,/watch?v=LWXgWraXTEk,1576995
チーン…,/watch?v=niiVAFeNJII,3757462
デカすぎる…,/watch?v=4wWdotL-OKs,4706255
色んない･ろ･は･す全部混ぜたら何味になるの？,/watch?v=ct65RVrobug,7591437
笑いが止まらねぇw,/watch?v=mAxnj2bUQfM,2266806
裏ヒカキンTV,/watch?v=Wyr-Q_oz8Bo,2732752
お茶漬け食べようとしたら事件が起きた,/watch?v=cMN86Dbj2XY,2887394
のりたま焼うどんに感動した28歳独身男性の物語,/watch?v=3lXcA4KruYU,2432987
どれが本物のヒカキン!?,/watch?v=LBziGO2UPn8,4024593
700個に1個の超激レアからあげクンを狙う！,/watch?v=eEIYjEjDU6g,1970792
生質問コーナー！ライブで質問答えまくるよん！,/watch?v=k1CS3lurFE4,2663075
金の再生ボタン３個ヒカキン家にやってきた！,/watch?v=6F-iVpDpRPw,2496466
おはし食べてみたwww,/watch?v=yOkxXfLPBOQ,3869453
渋谷と原宿に出没してみた,/watch?v=ieHNKaG1KfA,2190960
ガタガタガタガタガタガタガタガタガタガタガタガタガタガタガタガタガタガタガタガタガタガタガタガタガタガタガタガタガタガタ…,/watch?v=bolTkMSMrSA,5887072
YouTuberのみんな、気をつけて,/watch?v=jm4cK_XPqMA,5458066
ヒカキン密着24時 〜YouTuberの裏側〜,/watch?v=-Rf1wE_mmNI,11534523
超巨大パナップ作ってみた！,/watch?v=1IUHYziqCWc,14287418
ヒカキンめざましテレビにスタジオ生出演【4月28日(金) 7時13分頃から】,/watch?v=uxRqy48G-K0,482249
星のカービィ25周年１番くじで神引きしたw,/watch?v=1ngTnVb9oF0,2766720
マヨネーズ一気飲みしてみたw,/watch?v=AGonzpJtyYU,2285558
ヒカキン漫画になります！【HIKAKIN物語】,/watch?v=MvwxFi3ypNg,3158413
【兄弟対決】ヒカキン vs セイキンでラジオコントロールバトルw【バクソーハーエヴォ】,/watch?v=A3_at5cvvY4,7065587
【恐怖】黒ずくめの男が家にやってきた…,/watch?v=CSzb-Yja0Tg,2007155
【超高級】フランクミュラーの○○万円iPhoneケース買ってみた！,/watch?v=5wgCGO5hmxk,2706088
誕生日に巨大クラッカー買い占めて全部発射したら大変なことにw,/watch?v=XXhvGvYzMgA,5562380
28歳へのカウントダウン,/watch?v=3DAP9V7cxXI,1138241
アスレチックでマスオを襲撃してみたw,/watch?v=p_FTgkUvav8,10456933
宇宙一ヤバいクリーパーぬいぐるみがやってきたw【マインクラフト】,/watch?v=4A6MsBd1SEw,2105681
『プチU.F.Oビッグ』がデカイのか小さいのかハッキリさせたるわw,/watch?v=r8JXYjzLnhE,1587223
うどんグミ食べてみた！,/watch?v=yBlg4eVys8w,3866930
ミニストップの肉弁当のごはんの量が笑えるレベルw,/watch?v=MFeNL8ZAl3k,3930522
【販売休止】ピザポテトを美味しそうに食べて自慢する動画【スネキンTV】,/watch?v=yHk_jlHi_Mo,3460829
ヒカキン×キングカズで巨大サッカーボールおにぎり作ってみた！,/watch?v=EA2bYxDazGY,4389463
マインクラフト変形武器がハイテクすぎたw,/watch?v=2QFvtsWvpFw,6350391
【危険】ペヤング酸辣MAXがありえない酸っぱさだったwww,/watch?v=7h9mRj9PLBc,3098558
【さわるな危険】デンジャーボックスが暴走,/watch?v=UD018L47PyE,5289913
50個限定の超高級ブルガリチョコがヤバすぎたw,/watch?v=7ncucEm60mY,4509186
YouTuber最強カメラ!? GH5で色々遊んでみた！,/watch?v=qcW-VlqxlDo,1697152
20年前のたまごっちが帰って来た！復刻版全種類買ってみた！,/watch?v=GohSBvoc2Vo,1387611
【PPAP】パンパイナッポーアッポーパン食べてみた！【PIKOTARO】,/watch?v=otBK4k7YGvo,1981677
ヒカキンTV登録者400万人突破の瞬間と日本のYouTubeのヤバさついて語る,/watch?v=DGlJH5Rxj6s,4180393
【閲覧注意】ヒカキンの胃の中お見せします【胃カメラデビュー】,/watch?v=OI_s85F8_xw,4368577
ウォーリーを探せパンツでウォーリーを見つけるの超難しい件,/watch?v=Y1UqITDBsmI,819898
小学1年生の付録で遊ぶ小学21年生(27歳独身男性),/watch?v=hwTx5IY-hX0,3555432
明日朝のめざましテレビ出ます！6時50分くらいから！,/watch?v=X0RRDVP3Prw,744847
マインクラフトの弓矢の威力が想像以上だったw,/watch?v=efccmtp2Ckk,6059605
エイプリルフールYouTuberあるある,/watch?v=y-7-oo_0diI,1762595
【海釣り】ヒカキンTV初の釣りで大物ゲット！？,/watch?v=SSAks9pNJ_I,4922819
ライザップ飲んでみた！,/watch?v=2OIUPYP9K3Y,1366025
新発売のカップヌードルぶっこみ飯が熱くて食えねぇwww,/watch?v=SXR5EJ7lhAs,2793249
ぐでたまがラップしはじめたwww,/watch?v=H77TxckWev0,1166490
ペヤング背脂MAXが予想を裏切ってきやがったぜ…,/watch?v=GTltH9Ne7Wk,4346247
真っ赤なiPhone Redがやって来た！【iPhone7 Plus PRODUCT RED】,/watch?v=q8X68L-Cwuo,3811230
空飛ぶ巨大ドラえもんラジコンの迫力がやべぇwww,/watch?v=QHxkIsQghX0,5699612
マインクラフト収納ボックス全種類買って色々収納！,/watch?v=iAf8fekpaS4,2346558
シュークリーム飲んでみた,/watch?v=FA7Wvr5gx1w,1908126
ユーチューバーってなんなのさ？ みんなが思うYouTuberって？,/watch?v=zHsvX82GSpI,2835986
スパゲッティを自動で巻いてくれるフォークがマジで面白かったw,/watch?v=cRzTP0VqOug,3167479
ヒカキンTV生配信！1時間みんなと雑談♪ (2017/03/19),/watch?v=Muqxy3hl_x0,1979192
【自炊開始】バルミューダ ザ ゴハンがやってきた！【最強炊飯器】,/watch?v=NmfILwKOf8o,2157492
今話題のうさぎ食パンをデコって食べてみた♪【ヒカズキッチン】,/watch?v=XWS_o6_KYDs,2746666
GUCCIのうちわがある意味ヤバすぎたwww,/watch?v=-9zt1EfKJYI,1264297
本当に締められるネジチョコがスゴかった！,/watch?v=HJUx5jm0hVo,2418045
【黄金】金ピカのドラえもんがやってきた！ドラえもんフィギュア大人買い！,/watch?v=rD9ItSfVBoQ,2969371
ニンテンドースイッチのコントローラーに隠しメッセージがあるだと!?,/watch?v=2XoLgMIQc6w,4712429
【超巨大うまい棒!?】中身が出せるうまい棒クッションがうまい棒そのものだったw,/watch?v=I8Mgx-UkL7g,5664389
ぶち壊すハンマー付き！巨大ハート型チョコの中にまたハート型チョコ!?,/watch?v=7Gn6SrJ5dCU,7348615
宝石そっくりの超高級あめがマジでスゴかった！,/watch?v=6Tc2Uu3m89g,5804489
マスオに超高級〇〇〇をプレゼントしてみた！【スネキンTV】,/watch?v=llJWv0dT1Hw,3326610
5000円のベアブリック福袋開封！何が出るかな!?【BE@RBRICK】,/watch?v=JRQ5ywwuzNI,4736855
一緒に食べるとショートケーキ味だと!? 【午後の紅茶いちごティー＋ポッキークリーミーバニラ一】,/watch?v=xcb1ndHl17s,1220115
【衝撃】マスオがとんでもないことを暴露します【ノンフィクション】,/watch?v=Fo4JsUYoKzY,1806120
【超人気】耳を塞がないイヤホンがあるだと！？ 【ambie】,/watch?v=nvkWlHsWzyg,3269565
グッド稼ぎカモン！グッド稼ぎ爆発フェスティバル！【この動画限定】,/watch?v=olarHbQQaFo,1304625
祭りじゃー！【う祭】にヒカキン&セイキンで出演します！,/watch?v=gy1dkWvz8n0,407801
【悲報】任天堂スイッチ開封10分で盛大にやらかす…【Nintendo Switch】,/watch?v=vpqA5ifh_28,21248112
１粒５万円のイチゴを３粒食べて歩く15万円に,/watch?v=BOC5f3TvkV8,12015222
ペヤング納豆食べてみたらめっちゃヌルヌルwww,/watch?v=QAUgMTEm3xw,2199045
LEGOのドラゴン組み立てて遊んでみた！ヒカキンTV初レゴ！,/watch?v=4CUbvcbIl74,4816853
【心霊体験】ついにオバケ見ちまった…【幽霊】,/watch?v=ygCQHcdyB28,8978925
透けてるのに柄が見えない不思議なトランプがスゲェw【ピクセルカード】,/watch?v=pSgBe-9ok7g,1607520
【豪遊】ヒカキン&セイキン&ポンちゃんで金箔入りシャンパン飲んで見た！,/watch?v=5N2Am4To5Ng,2295492
【超激レア】1粒270円の伝説のぷっちょをヒカキン&セイキンで食べてみた！【獺祭ぷっちょ】,/watch?v=ya53EwGyrA4,2936082
ガチの純金買ってみた！【24K GOLD  金インゴット】,/watch?v=L26BZabX4nI,1950167
ペヤングペペロンチーノ食べたら死にそうになったwww,/watch?v=sh1ilfkfuVM,3485098
ヒカキン家の玄関がマジでヤバイことに…,/watch?v=5MxtAFK6Xjg,5752048
【超激レア】バナナに文字が書けるバナペンがスゴかった！,/watch?v=6BobBiw6F2k,1168981
金のなる木買ってみたw,/watch?v=7HSZ1fzueZw,1440201
わさびチロルチョコ大量一気食いしてみたらまさかの結果に。。。,/watch?v=Id7AM3l1cVA,1487638
YouTubeテーマソング -Tetsuya Komuro Rearrange-,/watch?v=1bewkWoJ6Vg,2468991
超小型モバイル椅子座ったらドゥルルってなったwww,/watch?v=qNwgdjrs5tg,1528147
財布用高級ふとん買って財布寝させてみたw,/watch?v=rp7boxDi4PA,1157345
ポッキーが大変なことになってやがる…,/watch?v=croeUSOpcro,1089465
【1つだけ超激辛】フィッシャーズ＆ヒカキンでロシアンチョコレートやったら爆笑しすぎたw,/watch?v=XNibw_2s3lo,13773287
SNOWに青鬼になれるフィルターがあるだと!?【青鬼2】,/watch?v=kRMeuu9zjVw,3980382
【大食い】担々麺、たこ焼き、カツ丼、メンチカツ、味噌汁【ヒカキン】,/watch?v=MYYJL1pe4xk,2206309
ラスベガスのクラブでパリピしてみた！【Tiësto - On My Way】,/watch?v=9HrFttOEkhs,1536625
【暴露】ヒカキンの質問コーナー #ぶっちゃけヒカキン 回答編！【ギリギリ発言】,/watch?v=5SPEVrmrWNc,6064720
ついにやっちまった…,/watch?v=2TROOWWI5sY,9363648
ガリガリ君リッチ黒みつきなこもち vs 雪見だいふく黄金みたらし,/watch?v=vybiZGJMSio,1355315
普通のイスがマッサージチェアになるシートが最強すぎた！,/watch?v=EpH-KEsdaYY,1048841
惑星チョコが綺麗すぎて感動するレベルだった…【フーシェ オリンポスチョコレート】,/watch?v=yNuXOeaPQqc,6352241
【超高級】１箱１万円のティッシュがヤバすぎたw,/watch?v=igQm6pX3bc0,3321514
【超絶悲報】チョコで出来たグラスでビール飲んだら大惨事に…,/watch?v=tpxVMAu1O0Q,7418076
【超激レア】寿司キットカット食べてみた！,/watch?v=n-zTeG1YsGM,3150390
無理矢理笑顔にするカメラアプリがおもしろすぎたwww,/watch?v=npOf6Uj5eSg,5971549
YouTubeライブおためし生配信してみた！,/watch?v=DJlh07cc0b0,1072627
光るヒップホップけん玉で遊んだらまさかの展開に…,/watch?v=RXfcg1pS_10,828852
【箱買い】サンリオバスボム1箱全部風呂にぶち込んだらすごかったw,/watch?v=RmoqHI4sW8Q,7244084
きのこ山 vs たけのこの里オセロがマジおもろいw ヒカキン vs セイキン！,/watch?v=b8_zrLFZ7VE,3590749
【箱買い】ピカチュウ版コップのフチ子さんでシークレットを狙う,/watch?v=MLzpH-saswQ,3167254
iPhone7に本気でデコピン100発してブッ壊す！【Z’us-G】,/watch?v=nQ9_A7x3ibE,2147573
カントリーマアムクリームシチュー風味の味が…,/watch?v=5h18NocQNi4,635356
赤いきつねじゃなくて甘〜いきつねだと!?,/watch?v=HR5pHqz-dJQ,2266899
カップヌードル抹茶が予想外の味だった！！！,/watch?v=Ad285qFPMr8,1635609
ファミコン雑貨大人買いしてみたw,/watch?v=DnzXFWjLp3E,921596
プリンが丸ごと入ってる!?ミニストップのプリンまん食べてみた！,/watch?v=0TLkyb-UE9U,2351534
【悲報】スタバのキーホルダーが欲しくてのたうち回る27歳男性の悲劇に全米が泣いた,/watch?v=FgbstHDUUO4,2637722
【世界最速!?】コカ・コーラジンジャー飲んでみた！生姜味のコーラ！,/watch?v=RfsRH6cFRjU,839463
青鬼のフィギュア買ったら顔がなんかうぜぇwww【BE@RBRICK】,/watch?v=S_mcWEEyYAM,2137731
【義理チョコに最高!?】ペヤング焼きそばギリチョコソース食べてみた！,/watch?v=hoIQfLp2y68,2079487
ラスベガスで６年ぶりに『パリにぴちゃったよ』やってみたw(知ってる人は知っている),/watch?v=Wi6Ny4C3LOU,1564737
ラスベガスのホテルで暴走 & 質問募集！,/watch?v=r35degw-QDs,1544197
メチャ小さな楽器ガチャで色々ゲットしたので鳴らしてみたw,/watch?v=QZqmeKpPIsc,3693874
YouTubeからまた謎の箱が届いたんだがwww,/watch?v=V9BbhiYdQJI,2449331
一平ちゃん焼きそば謎のチョコキューブ入りチョコソース味がヤバすぎた。。。,/watch?v=zV_aInoMzFI,1785529
マスオが自分の腕に針を刺しはじめたwww,/watch?v=t1pw3YGW-6M,5988938
マスオの家に無理やり突撃したら怪しい部屋が!?【YouTuber自宅訪問】,/watch?v=05332knpBCY,3610576
アップルの初売りで買ったものがついに届いたぜ！,/watch?v=DVMWIl4VMLo,4473306
YouTubeから高級感のある謎の黒い箱が届いた！！！,/watch?v=7fNQp3LVytE,2287577
ポケモンキッズサン&ムーン5箱開封！モクロー当ててやる！,/watch?v=xPKXWULonTE,1099874
激辛ロシアンスコーンで一人さみしくロシアンルーレット,/watch?v=7R4uuoqX9YM,985679
スーパーカップスイーツを包丁で真っ二つにして食べるw,/watch?v=-f3sspj0Ji4,1745335
ペヤングパクチーマックス食べたらヤバすぎた… 【ポンちゃん、ママキン】,/watch?v=0Nkr1j8K1XU,2685357
ポケモン&ワンピースのおせちがすごかった！,/watch?v=bytDt86EkLI,1954758
雪にダイブして大暴れ！2017年ver.,/watch?v=EYTN_H4jSUA,1784295
ヒカキンが選んだ2016年買って良かったものランキングベスト５！,/watch?v=B13sXWsYz8I,3191027
AirPodsがついにｷﾀ―(ﾟ∀ﾟ)―!!使ってみたけど、ヤバすぎた…【Apple純正ワイヤレスイヤフォン】,/watch?v=SP7-L9wwfd0,4175233
途中で味が変わる!? からあげクン仮面ライダー変身味食べてみた！,/watch?v=FemgdVaZb3g,2628933
ゲーセンでポケモン釣ってみた！色ちがいの赤いギャラドスと色ちがいの金のコイキングが釣りたい！,/watch?v=uSylZZod2hk,8097398
【もはや事故】泡が噴射する実験を５本同時発射したら大惨事に…,/watch?v=oZd3GJHSVvo,5754772
フィッシャーズに盗聴器ドッキリしかけたらヤバい空気にwww,/watch?v=yyz_ZjrvJMg,15731966
ヒカキン&セイキンで『ポケモン GO』してみた！,/watch?v=b3yulx3UGwA,4591125
【最強】ニャンボーバッテリーがかわゆくてハイスペックで最強な件【モバイルバッテリー】,/watch?v=DQyBWzUFT9g,644243
YouTubeから謎のクリスマスプレゼントをもらったぞ！ 中身はいったい!?,/watch?v=7PGCSBzs-fE,5982637
記憶力の限界に挑んだらパニックになったw【サイモンエア/Simon Air】,/watch?v=cXT0Wyt7ZVk,1569530
歩ける寝袋があるだと!?,/watch?v=GMz5gDOU764,893358
スーパーマリオチョコエッグでまさかのシークレットレア!?,/watch?v=KACA3sNN4vA,9032233
ゲーセンのクレーンゲームでお菓子とりまくってやんよ！,/watch?v=8Tq6x_LvCy0,7679130
ヒカキン限定パーカー発売！※注文締切12/25,/watch?v=RNykTjUjWLs,252010
うまい棒コーンポタージュ味でスープ作ってみたw,/watch?v=VS2haB6hmbc,4753781
売り切れ続出のスタバプリンは美味いのか!?,/watch?v=rTkVIV4iIIo,1107864
ジェラート ピケのパジャマ全身大人買いw,/watch?v=Xlx52dCWcho,1312228
スーパーマリオ『テレサのセンサーライト』がおもしろいw,/watch?v=Fhd4Ohhcgcw,1035945
【悲報】ヒカキン氏、色々勘違いして2DSポケモンサン&ムーンver.を購入w,/watch?v=5nl5wsHJ9WU,5759078
PS Vitaマインクラフトコラボモデルがｷﾀ━━(ﾟ∀ﾟ)━━!!!!,/watch?v=vGbfV7M-8FM,3610477
セイキンに最強のサングラスをプレゼントしてみたw,/watch?v=G79p77w75U0,1819612
セイキンにハブ粉食べさせてみたら爆笑したw,/watch?v=4OQxH9v_pv4,1049272
【謝罪】一平ちゃんショートケーキ味の食べ方を間違えてました,/watch?v=CGhmP-v0ye8,2399062
一平ちゃん焼きそばショートケーキ味がヤバすぎる件 【作り方間違ってます。かやくあとのせでした…】,/watch?v=42rcUVHeIyc,1929216
ヒカキンの最近の愚痴を聞いてください,/watch?v=nYr9CJm5cgs,2339374
大食いしようとしたらまさかの事態に…,/watch?v=0p76Opelb9w,6075566
【閲覧注意】ハブの入ったハブ酒飲んでみた【ゲテモノ】,/watch?v=Eye8-eCFBPU,1159385
【大惨事】泡が噴射する実験を大規模でやったらとんでもない事態に…,/watch?v=i1dWY_J5kQw,4840373
Amazonの人気耳かきNo.1はどれ？最強の耳かきを求めて！,/watch?v=JCkqhwSx46U,2170783
ヒカキン怒る！ピカチュウバッテリーの転売価格にブチ切れ【ポケモン】,/watch?v=pqHLkoewwIY,1897212
PS4 FF15版がｷﾀ━( ﾟ∀ﾟ)━!!カッコよすぎる…【PlayStation 4 FINAL FANTASY XV LUNA EDITION】,/watch?v=jxMJGMULuHk,1350212
大量にカプリコ買ってカプリコプターを当てるぜ！,/watch?v=pxt6C1G5KCY,3718658
音の出るマリオブロックライトがｷﾀ――(ﾟ∀ﾟ)――!!,/watch?v=gKQnQ6RWqS8,1985856
総選挙世界第１位のカップヌードル本当においしいの？,/watch?v=CNK2ruCMJdw,1561697
はじめしゃちょー＆ヒカキンで声入れ替えて動画作ってみた！,/watch?v=U0QgtgFNeUA,7539579
超超超巨大ペヤングがやってきた!?,/watch?v=VX2OP-tIOmU,1816297
ファミマのライザップ商品全部食べてみたw,/watch?v=V5Xg6DO2t6s,1598392
YouTubeテーマソングをおやゆびピアノで弾いてみた！,/watch?v=RXJHVRaauK4,2922038
復刻版ポケモンカード箱買いしたら大当たり!?,/watch?v=gaohfMa8iWI,5441427
新MacbookPro15インチ2016年モデルがやってきたー！,/watch?v=yUGDLnNkNDk,1829556
哺乳瓶で大人の粉ミルク飲んでみたw,/watch?v=HfhtVe8Q404,1328735
【感動】ニンテンドークラシックミニ ファミリーコンピュータで遊ぶ27歳ヒカキン,/watch?v=o2zz87LGKf4,4743999
【閲覧注意】ハブ粉(内臓入り)飲んでみたら危なかった【ゲテモノTV】,/watch?v=J4bS0ip8pHM,854702
ペヤングわかめMAXがやりすぎな件www,/watch?v=moZAU-iklfw,1795346
PGMP - ペンガリガリ君メロンパン味メロンパンペン【PPAP】,/watch?v=I6ondmefpHI,1141899
秘密基地に20万円の最強椅子買ってみた！【腰痛予防】,/watch?v=TCxcnZAaFVo,1615514
カップ麺をレンチンすると生麺になって超うまくなるらしい,/watch?v=1eZBbJE8LVU,3754206
ケンタッキーのピザは生地がチキンらしい…【チッザ】,/watch?v=asAJFmRXH24,1410462
写真撮られても顔が写らなくなるスカーフがあるだと!?【海外セレブ御用達】,/watch?v=n7YwA7PtUv4,1790285
6日前に作った鍋食べてみたら…,/watch?v=Itwq30fvOIE,2662057
初めてフクロウカフェ行ってみたら癒されすぎた…,/watch?v=lLrTw8zI3hA,2245044
【大当たり!?】ラッキーボックス(金の1000円BOX)デビューしてみた！,/watch?v=Bqv321BwJ1Q,6894742
電流でストレスを減らしてくれる機械使ってみたらw,/watch?v=H-rmEwss2Hw,847490
【世界最強の酒】アルコール度数96%の『スピリタス』飲んでみた！【真似しないでね】,/watch?v=NC9G_OOmaeA,2624623
セイキンの新居に突撃してみた！【YouTuber自宅訪問】,/watch?v=PTycJvF62D0,3923058
街でYouTuberのイメージ聞いてみた！ヒカキンTVインタビュー【原宿編】,/watch?v=wepDh_hsPhk,1282922
【危険】超最強レーザーポインターで風船割ろうとしたらヤバすぎた【絶対真似しないでね】,/watch?v=FXagvqL9qb4,4423981
モンストのからあげクン『クイバター味』食べてみた！,/watch?v=_-F4Qo2AAvA,1033447
セブンとローソンのハロウィンスイーツを残酷に食べまくる！,/watch?v=ixqELw6uTUM,1002796
渋谷のハロウィンに突撃してみたらスゴすぎたw,/watch?v=RZwtomK5F3c,2088901
【激レア】ウイスキーと一緒に食べる大人の琥珀ポッキーゲットしたぜ！,/watch?v=c7s7ZrA6ZA8,896924
【音量注意】銃声用防音イヤーマフで最強の発狂は防御できるのか検証してみたw,/watch?v=xE7PYPrum_k,4888993
PDSの猫『ポップ』と2年半ぶりの再会！遊んでみた♪,/watch?v=Xw9YCViCaTM,3512034
【YouTuber自宅訪問】PDS株式会社編【閲覧注意】,/watch?v=2lMKLYtXVDE,2117397
ワンピースマンチョコ箱買いでシール全種類ゲット出来るの!?,/watch?v=KgOXnH9Hsms,1907256
ヒカキンの秘密基地をお見せします,/watch?v=O2Jmuvbt2H8,2270122
水のいらないシャンプーで髪洗ってみた,/watch?v=I0FuE6-rqEQ,1126460
アイスモナカを焼くとパリパリで超うまくなるらしい！,/watch?v=Blb6aZFEl3k,4979161
飲むお守り飲みまくってみたwww【金運アップ】,/watch?v=hobIorLEkSo,505309
ベビースターラーメンのカップ麺 vs 自作ベビースターラーメンラーメン,/watch?v=pZ8i-MQKliY,1081489
インドの青鬼飲んでみたw,/watch?v=ny07S0RIHgs,1289134
【5000人規模】今年のYouTubeFanFestがすごいw【応募受付中】【YouTuberイベント】,/watch?v=oDo4fn0j6S0,236606
ファミマのジバニャンまん & トムニャンまんがマジでうまい！【妖怪ウォッチ】,/watch?v=M0qcP66P_sE,975854
PSVRでサメに襲われて心臓止まりかけたwww【プレイステーション VR】,/watch?v=QB5sRBgAZdo,13932438
無印良品の人気No.1スイーツ食べてみた♪,/watch?v=TpoL6kKyPxU,1297528
iPhone7を使ってみてわかった良いところ、悪いところ,/watch?v=IBXpRPF8Y6Y,3105680
トロンボーンにチャレンジしてみたw,/watch?v=RpDmHN639fw,3479296
カホン買って演奏してみた♪ 【ヒカちゃんの楽器教室】,/watch?v=71D1MlfDhyY,1036047
雪見だいふくにきな粉と黒みつかけるとめちゃうまい！？,/watch?v=i0J4Rjf7f-Y,804087
女子高生りんなちゃんにファッションチェックしてもらったら驚愕の点数でした,/watch?v=7ASljHl71Ds,1626460
ヒカキン、潔癖症？診断してみた！,/watch?v=hbjJpvHN2Xg,1990934
超巨大コーラ貯金箱に貯金始めます！,/watch?v=hmUZ-5EoNYg,965971
マインクラフトミニフィギュア エンドストーンシリーズでゾンビを狙って５箱開封！,/watch?v=slio65gj46g,2169772
巨大なタマゴ温めたらなんか生まれてきた！！！,/watch?v=996AiqWVFFc,13930249
スマホで水中にある豆腐切ってみた！,/watch?v=jUBbRsYI-To,1202227
坂本龍馬の銃買ってみたらマジかっけぇw,/watch?v=psr_OF6TkCA,5501330
ヒカキンゲームズスタジオに吸音材を導入！,/watch?v=ZHQB0s8RHQ0,1233158
騒音だけカットするデジタル耳栓がヤバすぎたwww,/watch?v=8FJlBsQpQDo,726398
アメリカ産のおなら爆弾を爆発させたら大変なことに…,/watch?v=YI--09ipGZo,2243330
【超簡単】iPhoneのカメラのシャッター音を消す裏技！【iPhone7】【iOS10】,/watch?v=2lt56czUp_U,1811070
アメリカの拳銃メーカーのボールペンが最強すぎて危ない件,/watch?v=efHztMmfrxs,7852985
【兄弟対決】ヒカキン vs セイキン 声優バトル！【アプモン】,/watch?v=8KQ28QfkueM,1074615
【新発売】マックのハロウィンポテト食べてみた！,/watch?v=ruwBHVRkVMg,973262
iPhone7ジェットブラック開封後、即水没！,/watch?v=Y9bjgpQob0o,7452889
【超便利】電子メモパッドに色々落書きしてみた！,/watch?v=YvQsyUKVj9k,1200012
【まさかの金額】家でSuicaの残高が見れるだと!?【PASMO・ICOCA】,/watch?v=rebLCk2BSfs,1050694
【閲覧注意】ゲロスプレー鼻に噴射したらやばすぎた,/watch?v=151jJCEh84g,3300108
セイキンが洗脳された!?,/watch?v=g6J8Vmv5xKY,1332484
セイキンの１万円札を封印してみたw 揃えないと開かないルービックキューブ【アクンダ】,/watch?v=D4Z9W9U2pbE,4175648
【超激レア】プチプチ10000個に1個の確率でハート型があるらしいので探してみた！,/watch?v=-EQ7lpcptpY,1850450
水と塩だけで光るLEDライトがあるだと!?【災害時・停電時対策】,/watch?v=b31qMosXH-c,835767
【最強】乗っても折れない傘があるだと!?【アンブレイカブル傘】,/watch?v=m6fHWVvFb54,3086372
【売れすぎて販売中止】カップヌードル謎肉祭食べてみた！,/watch?v=Mi9TwYbceJc,1883976
【激うま】ヒカキンが最近猛烈にハマってる食べ物紹介！,/watch?v=QUEWboPzF-A,3351845
iPhone7ジェットブラックがやって…きた!?,/watch?v=hK2pxaXbtyg,3913928
【飯テロ】吉野家から松茸牛丼発売だと!? 早速食べてみた！【高級・期間限定】,/watch?v=DkiFWzvtD-I,1326612
本物の手錠!? 余裕でブチ切ってやんよ！,/watch?v=OydzKA1KepI,5749797
【謝罪】あけびの食べる部分間違えてました,/watch?v=x6u0GOUrHl0,5425256
初めてあけび食べてみたら。。。,/watch?v=L6BjrLsLW7o,4771077
大量のホッカイロで焼きいもが出来るらしい,/watch?v=pku2frvI8zA,1964766
火をつけられるiPhoneケースがあるだと!? ライター付きケース！,/watch?v=kc0ErklVRtA,3175787
【巨大】1リットルバケツプリンがデカくてめちゃ美味かった！,/watch?v=kRFC7zP4tqg,2508424
ヒカキンの最近キレそうになった話【愚痴】,/watch?v=vACCsYg0Wvw,5096451
YouTubeに裏技があるだと!? 画面がグニャグニャに!?,/watch?v=-mmDAN0Qqn0,1434515
Google検索の裏技でマリオブロックが出現する!? 【隠しコマンド】,/watch?v=gEK5uMZhL54,1148710
若者よけ超音波アプリがあるだと!? 自分が若者か試してみた！【超音波バリア】,/watch?v=6Gd8nn_Fkk0,1104550
1列のルービックキューブ!? これなら出来るっしょ！w,/watch?v=IbI_XUYt3SY,7959152
【超激レア】15年前の遊戯王カード箱買いしてみた！【アヌビスの呪い】,/watch?v=cYxoiU8AtYY,1941599
激くさオナラスプレー VS おなら消臭パンツの頂上決戦,/watch?v=GUw9SS1R7ls,1144383
YouTuberの誰と似てるか診断してくれるカメラアプリで診断してみたら…w,/watch?v=G-XetRSWq2w,4409785
大量のびっくりチキンを一気に鳴らして目を覚ましたい,/watch?v=QcqF-Z5ad0E,1523967
超ムズい知恵の輪？３分ではずしてやんよ！【キャストマーブル】,/watch?v=mqxzOqwrhuA,4246743
【閲覧注意】激臭おならスプレーを鼻の穴に吹きかけたら大変なことにんなった,/watch?v=uqMIbzr9pdI,1244475
【宝くじ】ワンピーススクラッチ100枚買ってみた！1000万カモン！【ワンピーススクラッチ】,/watch?v=I4zK6t1ImMA,2924867
息止めチャレンジで4分11秒突破なるか!?,/watch?v=MjCVDXzLzIQ,7351860
【閲覧注意】トイレットペーパー20年分トイレに入れてみた【1000ロール】,/watch?v=TwXogNOaQl4,6039938
ライザップピザ全種類買って食べてみた！食べても太らない!?,/watch?v=3XOXUsFuZms,2281369
365日放置してた巨大グミ食べてみた！,/watch?v=FmB3GYeiiiQ,4592250
ヒカキンゲーミングスタジオをパワーアップ！,/watch?v=16mHPCIbKUw,3464322
耳にぶっ込むとiPhoneで体温がわかる温度計!? 色々測ってみた！,/watch?v=FF9iR3yKyR0,671092
スーパーカップを包丁で真っ二つにすると食べやすい!?,/watch?v=dBY64Hi4XOQ,5509157
LINEでりんなちゃんに『怖い話』って聞いたら怖すぎた…【ホラー】,/watch?v=_O6QVxqSz1Y,7057610
勝手にヒカキンクイズアプリが出てる！怒ったから100点とってやんよ！,/watch?v=AQc5HYX4G0I,5526876
幻のUFO追加ソースボトルを手に入れた！,/watch?v=Djgagh7mXHk,2328060
140cmの超巨大傘とか変な傘色々買ってみたw,/watch?v=ZumwVFa2A7w,1495391
【放送事故】ウルトラデスソース飲み込んだらセイキンが。。。,/watch?v=swoMSbvtJuM,4707042
猫がピアノ!? ドレミファキャットで曲当てクイズ！,/watch?v=fz4tEkRq0KQ,5808162
【気絶レベル】中国の臭豆腐が異次元級に臭かった【大ピンチ】,/watch?v=kohHUSndk8g,3832123
母親にデスソース食べさせたらまさかの結果に【ウルトラデスソース】,/watch?v=UVjsDLnGw08,2866940
ヒカキンの母登場w 色々質問してみたw,/watch?v=gm91kskWxaY,4650626
100均のスライム風船全力で膨らませてみた！,/watch?v=OC0IDHyQlWI,9373189
声を８種類に変えてみた【マルチボイスチェンジャー】,/watch?v=h7hFeGcR7EQ,1812585
ダジャレ1300個搭載ロボに笑わせてもらおうとしたら…,/watch?v=BwwTqUQc7J4,3265908
世界一臭い食べ物をさらに腐らせて食べたら大変なことになった【シュールストレミング】,/watch?v=fJXcyRJHpE4,6201371
はじめしゃちょー セイキン マスオのストレス測ってみたw,/watch?v=ujayeldVSbc,3026911
ゴジラのたまご食べてみた！,/watch?v=YTLjrJ1DG-0,3036063
【超ラッキー!?】ハート型のハーゲンダッツ『幸せのハーゲンハート』があるらしい…,/watch?v=J5sBXPuFYOU,3983737
【負傷TV】YouTuber魂による愛と悲しみの負傷…【紙一枚で栓抜きに挑戦】,/watch?v=Zo5S4vg-5xs,1907306
自動味噌汁マシンで味噌汁作って飲んでみた！,/watch?v=IhwjKSaEWcI,3199540
かき氷シロップそのまま凍らせてかき氷にしたらまさかの結果に…,/watch?v=D6OIhQb3Mkc,3744949
羽が光って時計が見えるUSB扇風機がスゴかったw,/watch?v=pRr3lHPikS0,2459436
ヒカキンvsセイキン！ラスボスになってセイキンぶっ倒すよ,/watch?v=557FlXaIVFQ,7281508
自分のストレス測ってみたらビックリな結果に!?,/watch?v=b65UnbE8jB8,906351
BOSEのテレビ用スピーカー買ったら大迫力だった！,/watch?v=KEyrQq4kgtI,4475514
富士山型の氷作ってみた！,/watch?v=5hXiOofA07A,1041053
寝てるカズさんの眉毛をマジックでつなげるチャレンジ！,/watch?v=vHpRchiWaUw,2150746
ヒカキン vs カズ！黄色スイカ早食いバトル！,/watch?v=oKOsR4U5IlQ,4215348
ダイソンのドライヤー２台でピンポン球を空中浮遊！？,/watch?v=tXEiJ64JILs,1110894
透明なコーラ！ウィルキンソンドライコーラ飲んでみた！,/watch?v=L6kZhi3_Se8,749428
超強力磁石2160個で遊んだらスゴいことに！w,/watch?v=jaB5FstkqYA,6567209
納豆100人に配ってみた！in茨城 水戸,/watch?v=lnUVo33xPbM,1650267
プラネタリウム買って顔面プラネタリウム,/watch?v=NcOgo-jA4HM,467673
左回り!? 右回り!? 錯覚診断がおもしろい！,/watch?v=LDsD9U3on7E,2553760
大量の冷却スプレージェルで巨大ボール作ってみた！【真似しないでね】,/watch?v=6Z4VllQnPvc,11975972
【期間限定】ヒカキンTシャツ2016夏ver.出たよー！,/watch?v=KkN5JPQX_KA,736330
スイカとメロン凍らせてかき氷にしてみた！リアルスイカメロンかき氷！,/watch?v=XDTtgmqZ5iE,2457449
【密室危険】超激くさポテチをビニール袋の中で開けてみた！,/watch?v=QUypN2U9OWU,830397
ダイソンの羽根なし扇風機買ってみた！,/watch?v=cQJvZzSN0gw,1192930
割れないコップ落としてみたw,/watch?v=w_QxGcIuj1I,3281004
ポテトチップス『冷やし中華はじめました味』食べてみた！,/watch?v=BZV2LWHLjQo,646988
宙に浮くスピーカーがあるだと！？,/watch?v=7GygwbQUpDE,2533183
ふわふわかき氷機『とろ雪』が感動レベルだった,/watch?v=oExPx3cYzB8,4673429
【初体験】洗顔器で豪快に顔洗ってみた！,/watch?v=BHLsnUxlUZY,820211
イベント変更点についてのお知らせ！【HIKAKINと食べよう納豆祭り!】,/watch?v=bfX0XvSMiFw,240895
iPhoneが牛乳に水没!?,/watch?v=P3DF7-IqIj0,2399610
エアーソファー膨らまして寝てみた！,/watch?v=_e-id-5ouAs,857405
四角いスイカの愛と悲しみの物語,/watch?v=p_eIQtGFA0k,7305981
竜巻発生させてみた！,/watch?v=KdKGnNNyG9g,1532049
茨城県の水戸で納豆配りますw,/watch?v=rdTQi0l1ezI,401653
大量のうんちペッタンボールを本気で壁に投げつけてみた！,/watch?v=XVhuXZQiEeo,6282729
無限に投げれる水風船!? 本気で投げまくってみた！,/watch?v=GlMgq1OG1Kk,1897761
うまい棒とチロルチョコの自販機買ってみた！,/watch?v=wqchkdf-THA,4152033
足突っ込むマッサージ買ったら激強だった,/watch?v=oQl-FELgcF4,1273133
グミで出来てるコップで牛乳飲んだら。。。,/watch?v=zAbLaHx2FPY,4469440
ごはんに合う!? たくあんコーラ&うめぼしコーラ！,/watch?v=VMZZNOOaOqY,933117
さわってもわれないシャボン玉!? ミニタッチバブル！,/watch?v=Y0znM3elhh8,920759
【閲覧注意】プチ整形!? 簡単に鼻が高くなる !?,/watch?v=xQON7KlrPoA,1090522
超絶可愛いペコちゃんのダルマが欲しい！ダルマクラブ開封！DARUMA CLUB,/watch?v=nVPXfRBgS1g,727524
牛乳味、りんご味、トースト味のポテトチップス食べてみた！,/watch?v=z2tSLyvd0H4,952469
首にかける扇風機買ってみたw,/watch?v=X8wV51BaYc4,634914
【人類未体験】強炭酸のペプシストロング5.0GV飲んでみた！,/watch?v=0BWBEC6TtLQ,1010205
ハワイの海で魚探してみた！,/watch?v=1UEO0UiaWys,3776307
ヒカキン、初めてのハワイ。,/watch?v=jkN7osdJ6Ns,2477056
粘土なのに跳ねる!? バウンド粘土本気で床に叩きつけてみた！,/watch?v=zCs5em3-LXI,2108153
プリン専用醤油かけてプリン食べてみた。。。,/watch?v=XGZlAVPp80I,983723
水入りジップロックにえんぴつを刺しても水が漏れないらしい,/watch?v=fLw_u2eNqH8,6152426
ビールの超音波泡立て器でコーラは泡立つのか試してみた！,/watch?v=5mqrdqqCVTE,1849330
セメダインを水に入れると生きてるみたいに動き出す！？,/watch?v=0z3_W5RtAnI,5194288
水に入れると固まる砂!? マジックサンドがマジですげえ！,/watch?v=AZonOVImNoo,2832566
スピーカーにシャンプーしてみた！Anker SoundCore Sport,/watch?v=ehItF_vCOlw,1464719
３時間回るコマ!? ハイテクゴマⅡ回してみた！,/watch?v=4pSYqAPMUzY,2459135
ピグパーティはじめたからみんな会いに来てー！質問コーナーもやるよ！【ヒカキン×ピグパ】,/watch?v=vvezGNjakd0,1754645
宇宙最強!?のバッテリー！スマホ40回充電できるAnker PowerHouse,/watch?v=QMPlqgcnW8c,1430033
１億円座椅子買ってみた！,/watch?v=D9k_EJn-m68,5229552
ぐるぐる筋トレマシン『バーンマシーン』買ってみた！,/watch?v=jGxsYUNrEaI,2241264
3%の人しか解けない間違い探ししてみた！,/watch?v=gzDcNwdj4Hg,3833494
10kgのダンベルでマッチョ化計画スタート！,/watch?v=SpzJVvdd864,1358444
USBプラズマボールがめちゃキレイ！,/watch?v=vZuux-mT6DE,2646892
【閲覧注意】部屋に巨大クモが出現し大パニック！,/watch?v=eJBQ54mf318,14676317
おっとっとアイスは本当におっとっとの味するの!?,/watch?v=Hkt3ld8i-1Q,971061
ユーチューバーイベントがめちゃ盛り上がった！【YouTube Meetup】【YouTuber】,/watch?v=4d7EYHYLyIM,759754
天気で結晶が変化する!?ストームグラスが超綺麗！※冷蔵庫は入れちゃいけないみたいです！,/watch?v=5Rpqbf2pgCw,1592144
【閲覧注意】イナゴとハチノコ無理して食べたら。。。【ゲテモノ】,/watch?v=mk7eA8NIhtk,1446499
発砲スチロールを除光液につけるとドロドロになるだと!?,/watch?v=V2Y7C40NLZo,8336129
青いさきいか食べてみたら…【グロ】,/watch?v=qs6waosSUjU,811456
ダイソンのドライヤーがヤバイ！ Dyson Supersonic,/watch?v=jP_86ndCm7c,1629561
指一本で人は椅子から立てないって本当！？,/watch?v=J9BjzJ2-HJ8,3050244
チョコエッグ ポケットモンスターXY&Z５個開封でシークレットを狙う！,/watch?v=TXsmJF0bx5I,3526400
偽ヒカキン登場!?,/watch?v=iZ1-W1AtrvQ,2426434
障子(しょうじ)ぶち破きまくってみた！,/watch?v=JaB4NGfNnik,3197814
セイキンのものまねしながらインスタントラーメンでピザ作ってみた！,/watch?v=RLADx0BQ6ZI,3780295
【世界一精密】10分以上回る時が止まっているようなコマ回してみた！,/watch?v=nGytFiISxRY,4759112
【実験】網に入れたキッチンペーパーは燃えないって本当!?【マネしないでね】,/watch?v=s_18hGVZrqw,1158170
【爆笑】カメラアプリ『SNOW』で変顔しまくってみた！w,/watch?v=u53FD_I2Iuo,2592367
97%が正解できない!?カラーIQ診断してみた!,/watch?v=_yD6knkIxks,2826543
自動的に混ざるマグカップがマジですごいw オートミキシングマグカップ SELF STIRRING MUG,/watch?v=6qhdhEbm1F4,4309691
シャボン玉150個一気に出してみた！,/watch?v=s_1qTSdYM8w,788143
ヒカキンとはじめしゃちょーが顔交換してみたw,/watch?v=_77LiKHqN84,4655382
寝てるはじめしゃちょーの顔に落書きしてみた！【ドッキリ】,/watch?v=tt2-40Vueu4,7249290
マインクラフトの消しゴム『マイケシ』でマイクラの世界を再現してみた！,/watch?v=uc2M7g2sQKA,5729156
【閲覧注意】毛穴スッキリパック20枚で顔面一気にスッキリしてみた！【真似しないでね】,/watch?v=Ulna_THGH28,5142439
5/31イベント出ます！YouTube クリエイター Meet & Greet,/watch?v=ShSns8e3tpU,142296
からあげクン ドラゴンクエストホイミ味がマジで美味い！【ドラクエ × ローソン】,/watch?v=5uLmic01wiI,775274
当たり付き自販機で当たるまで買ってみた！,/watch?v=dm_vgBC9ojY,4131159
アロマ全力で吸引して癒されてみた！,/watch?v=EXImwcr3MqI,827917
PS4 & Xbox Oneが当たる1000円ガチャ引いてみた！,/watch?v=0tHWcfBZygk,1583792
うなぎコーラはうなぎの味がするのか飲んでみた！,/watch?v=Z_DEPfbh-KI,496007
ヒカキン vs セイキンでUFOキャッチャーバトル！負けたらデスソース！,/watch?v=9cxhilH4CJs,4568878
宇宙最強のゲーミングPCがやってきた！エイリアンウェア Area-51 【ALIENWARE】,/watch?v=wtmcUdr1PbA,3350187
どうも足くさマンです,/watch?v=jFQt0iWSLp8,947673
ディズニーペアチケットが当たる1000円ガチャ引いてみた！,/watch?v=m5SBH1xiASI,2059287
【マインクラフト】ミニフィギュア アイスシリーズ５箱開封してみた！,/watch?v=BcXAHN7Pqgk,2392477
パンチングボール本気で殴りまくってみたらアクシデント連発…,/watch?v=hRqSz5kxakI,2665578
【超激辛】地獄の一撃ソース vs デスソースどっちが辛いか検証！,/watch?v=7XmSTXBPdPI,2286198
気持ちいいねこれ,/watch?v=L_Cgwp2c_nU,1172471
コーラで氷ボトル作ったら大変なことになった,/watch?v=EbJZ-yqt3X4,3897474
ピーチパインって桃の味すんの!?,/watch?v=K_tZ45Q-0ig,971821
マシュマロとヨーグルトで作れる【フワシュワ】が超うまい！,/watch?v=phHu4SyVe8M,1575328
３万年前の水飲んでみたら…,/watch?v=SDWvDLM2HaI,1036893
いきなりセイキンにLINEスタンプ送りまくるとどんな反応するのか！？【ヒカキンLINEスタンプ第２弾】,/watch?v=7VIG4N93aac,5113419
巨大ハゲおやじがやってきた！？,/watch?v=MxBAPLDu7kA,567489
コカ・コーラ自販機ロボ【ベンディングマシンレッド】がやってきた！,/watch?v=DjIdC15GyNU,6258777
ドミネーターで犯罪係数計ってみた！ヒカキンとセイキンどっちが悪いやつなのか!?,/watch?v=Y3_T9107d2Y,4252060
お歳暮ドラゴンボールセット買ってみた！,/watch?v=oRo-SXmXE8c,1105541
四つ葉のクローバータイムアタックしてみたらまさかの結果に！？,/watch?v=2zx0k6HQmr0,970399
カップヌードルリッチ フカヒレ vs スッポンどっちが美味いかバトル！,/watch?v=8fb0c2MFNnE,933867
【闇ガチャ】闇鍋カプセル３回引いたので開封してみた！,/watch?v=_JjjFDl5SK0,2580043
本日の高田公園でのイベントについて,/watch?v=UgnTFQq868k,557559
おみくじバトルで大爆笑w ヒカキン vs セイキンはどちらが運を持っているのか!?,/watch?v=huxBCySEuNc,1728027
【熊本地震】災害時に役立ちそうな情報など,/watch?v=mD3XQyqOL54,1088095
【恐怖!?】すっぽんドリンク飲んでみた！,/watch?v=G2eWJnkwfFg,560870
【ゲスなおもちゃガチャ】引いてみたら…,/watch?v=7v8pHIh8MuE,1898502
女子高生とLINE！？ヒカキンとセイキンどっちがイケメンか聞いてみた！,/watch?v=dyFgt1pRGEs,4873851
ついに口から大量の煙が！？ヒカキン&セイキンで口から煙チャレンジ！,/watch?v=XpuMuOW6348,1424332
口から煙を出す方法！ 道具は一切必要なし！,/watch?v=eZvBfH1YAKU,1596310
コンビニ美味いものランキングベスト３！(2016/4月編),/watch?v=FsUNm9lVmaY,1617649
コーンポタージュグミ食べてみたら…,/watch?v=Zhg0IOHDO5E,690687
食べるポカリが出た！ポカリスエットゼリー！,/watch?v=SM4nYvhsn9c,943628
【閲覧注意】26歳ユーチューバー男性の悲しい物語。ゴキブリクラッカーチャレンジ！,/watch?v=GFY85PxMASw,1661561
上向いてても下が見える!?怠け者グラス使ってみた！,/watch?v=L3JwAqtNK4s,1349235
【心霊現象】ヤバい金縛りにあった話してたらまさかの事態に!?,/watch?v=5xLP2dQlBDM,4214101
ゾンビのお菓子!?東京ゾンビスナック食べてみた！,/watch?v=GfTfV-wHoeM,3887836
Wii Uが当たる1000円ガチャに初挑戦！,/watch?v=GthOW9aVP1A,5257113
『おそ松落としクッション』でだるま落とし出来るのか!?【おそ松さん】,/watch?v=u95GpLedHC0,4979623
テレビの大画面でオセロとタイピングゲームしてみた！,/watch?v=2siJl9Ys81g,2455839
地元でYouTubeテーマソング歌うぞー！イベント出演告知！,/watch?v=Olh3icB6rNk,497992
うまい棒めんたい味がカップ麺に合うらしい！,/watch?v=1ave1aURp8w,1426618
一万円札粉々にしてみた！,/watch?v=ppXUtcj__2c,9021903
モンストケーキ食べてみた！オラゴンとルシファー！,/watch?v=FyGliiRNXN8,1621948
【巨大】リアルキングスライム作ってみた！,/watch?v=mbznyf1X2kM,9414304
シルク・ドゥ・ソレイユ『トーテム』が超ヤバかった件w裏側にも潜入！,/watch?v=FWe2YD5jMyA,1203782
ゴールデン一万円札がやってきた！,/watch?v=sbsqt1mSqK8,1724016
R-1ヨーグルトを増殖させてみた！自家製ヨーグルトが作れるヨーグルトファクトリー！,/watch?v=qX8zumHbO1I,1502607
エアロバイク買って全力でこいでみたw,/watch?v=79wf4S31WRY,1135342
寝てる自分を撮影してみたら爆笑w,/watch?v=PyO1y6x7oQc,5052527
【握ってストレス発散肉まん】投げつけてみた！,/watch?v=YnJ3t16AdvA,1295467
256色に光るライトでパーリピーポーしてみた！,/watch?v=J-_WgYiP_Ns,1194546
ポテトチップス味のコーラ飲んでみた！,/watch?v=CFEUSWbPnc0,924403
ペヨングとペヤング比較してみた！,/watch?v=3GoHeuyYBs8,1660239
また愚痴ってもいいですか…愚痴動画パート２,/watch?v=v05a_EHfJg0,1922745
トイレ型のスピーカー！ザ・トイレスピーカー使ってみた！,/watch?v=lHQWHwLITLU,1325382
コカ・コーラ隠し金庫にお金隠してみた！,/watch?v=ey4sFMQDNOU,6079699
赤いきつねの関東 関西 北海道比較してみた！,/watch?v=Rotu-rtvlrs,1113230
【閲覧注意】鼻に突っ込むマスクがあるだと！？【花粉症対策】,/watch?v=dQfQGU2qF2w,784824
UNOでガチバトルしてみた！,/watch?v=Dx8u6O6cZYs,2300137
18禁チョコレートが笑えないレベルでヤバかった件,/watch?v=dXTRNroDMtU,3669314
コカ・コーラ専用グラスでコーラ飲んだら…,/watch?v=3qAU-upJIm8,4456089
スプラトゥーングミ３袋開封でタコを狙う！,/watch?v=4dGN8J7gOB8,2046933
コーラでシャンパンタワーやってみたw,/watch?v=WnJ230xDZ4I,7419279
【悲報】練乳凍らせてアイスにしようとしたら…,/watch?v=iMn4701jS6M,3552739
ヒカキン&くまみき暴走!?〜ヒカキン宅カーテンが出来るまで〜,/watch?v=SVhPHv0ubec,2066191
白ネコに白猫プロジェクトのガチャ引いてもらったら当たるのか!?,/watch?v=0ovn2ltKq0c,4971037
ガリガリ君リッチ桜もち食べてみた！,/watch?v=5nnSsh-WXIM,741083
おそ松さん 松パーカー vol.2 十四松ver. 買ってみた！,/watch?v=Zo0JoCB71ww,1516969
【閲覧注意】ゴキブリクラッカーのゴキブリを空中でキャッチできるかチャレンジ！,/watch?v=3eMbF4ebcBM,1187022
飛び出す!?富士山!頂きグミ食べてみた！富士山クイズもあるよ！,/watch?v=ISqqFK8tE9E,772258
焼さんまチョコ食べてみた！,/watch?v=drhWiNuCdek,1487412
EDGE × うる星やつら 鬼シビ 辛みそラーメン食べてみた！,/watch?v=QJL_s7EqhZ0,928331
18禁カレーチップス食べたらエライことに。。。【超激辛】,/watch?v=fnWrsy_cMuA,3110323
【激マズ】タイヤ味のグミ!? 食べてみた！ハリボグミ シュネッケン,/watch?v=KS8n9cY-YYM,1291881
いちごショートケーキ味のポテトチップス食べてみた！,/watch?v=ZNDQmpBj0bs,903544
どこかにコインが隠れてる!? チェスパズル解いてみた！【ネタバレ注意】,/watch?v=vtxPltj9Thg,2677530
カップラーメンがうまくなる魔法の粉があるだと!?,/watch?v=kF2DQuQpRf8,2843458
愚痴っていいですか…はじめての愚痴動画,/watch?v=WcZRo5F3Ig0,2190423
何が出るかな!? ドラえもんの鈴!? アツメテドラスズ４個開封！,/watch?v=rVgmalY_-CA,1743308
つぶつぶねんどで遊んでみた！,/watch?v=7Fv-sSA5z3U,4434372
ユーチューバーイベントがスゴく盛り上がった！【YouTube Meetup】,/watch?v=LfZkpGx_mZQ,3649479
【大阪弁うまい棒】食べてみた！関西限定！,/watch?v=hnyibNrDJYQ,666116
デスソースの150倍辛い!? コブラチリソース食べてみた！,/watch?v=Mk0l2PoUqGk,2381843
プリントーストがウマすぎる！のせて焼くだけでフレンチトースト！?,/watch?v=mFQ-aeddgM8,2203691
全力で若作りしてみた！,/watch?v=8tuhQcRaQP8,2012559
ピンクのレッドブル!? RedBull サクラフレーバー飲んでみた！,/watch?v=GqmW9TxJML4,736126
スマホ顕微鏡で頭皮を見てみたら…やっべえ…,/watch?v=rYZCHTrjloA,3484903
マインクラフト ジオラマフィギュア５個開封！,/watch?v=N75Au9R4390,2980412
辛辛魚食べてみた！激辛カップ麺！,/watch?v=KgtgsCNqba8,2945375
チョコもち作って食べてみた！メチャうまいよw,/watch?v=yE4yjUhUcGM,2564734
マックチョコポテト食べてみた！,/watch?v=_x6-INzQ37c,1694178
ハンバーガーの名前考えると賞金140万！マクドナルド キャンペーン！,/watch?v=x14ciJFH85M,1514923
アゴを支えてくれる！あごのせアーム！,/watch?v=gTIwEdUgiOI,1012154
siriとボイパセッションしてみた！ビートボックスバトル！,/watch?v=ji0UuFqa4o0,3303092
【閲覧注意】胃腸炎だけどおならホイッスル使ってみた！,/watch?v=ob5lFE2EUPs,1445124
胃腸炎になりました。,/watch?v=LwEPV_dZFd8,2199449
セブン-イレブンのリニューアルしたドーナツ全種類食べてみた！,/watch?v=6Hore8VM6T8,1536375
スマホを置くだけで爆音になるスピーカー！?,/watch?v=4stCF3b0u6c,2273708
眠気が吹き飛ぶ!? 間違えてノーズミント鼻に突っ込んだw,/watch?v=rlfVmYpSJ8g,688630
10袋中9袋は激辛の柿の種で運試ししてみた！,/watch?v=31FfhIIhjQg,1010348
YouTuberと交流できるかも！YouTube クリエイター Meet Up,/watch?v=MaJE-G_y1q8,292537
【閲覧注意】おならの音が出る『にぎりっ屁』で遊んでみた！,/watch?v=RN9BMEUfA9s,1968643
マサイ族並みの視力になれる!? サプリ飲んでみた！,/watch?v=8w8k-zPU8bU,2951390
8年ぶりにパン焼いてみた！バルミューダスチームオーブントースター！,/watch?v=fLugnGLVVPI,1370476
鬱ガチャ3回引いてみたら…,/watch?v=qXalN4X_MKY,2872624
謎のフルーツ『アテモヤ』食べてみた！森のアイスクリーム,/watch?v=zlpNsgqGUco,1087670
10秒どん兵衛が美味しいって本当 !?,/watch?v=m6K2qwbXeFw,5186206
【第5回】1000円自販機でついに大当たりのPS Vitaが!?【千円自販機】,/watch?v=MfcMT6lIHiE,7807563
大量の歩くものまねうんち君に大合唱させてみた！,/watch?v=VDJiQ5LxXAo,5584784
本物そっくりキャンドルLEDライト買ってみた！,/watch?v=lBHT-wOBw0Q,539326
【リベンジ】マインクラフトミニフィギュア黒曜石シリーズでゾンビを狙う！,/watch?v=DlqJpyHJb-8,2857410
デスソースチャーハン作ってみた！【男の料理】,/watch?v=FBF6WQayhdQ,8542719
一平ちゃん チョコソース 焼きそば食べてみた！,/watch?v=FvSQNDu6Osc,1498459
【リアルマインクラフト】クリーパー風船爆発させまくってみた！,/watch?v=sWF7_qYSAsA,2262756
ヒカキンがアマゾンで買って良かったものベスト３！【Amazon】,/watch?v=3Ei83lovmPA,2078189
鬼から電話がかかってきた。。。,/watch?v=fWIR4T1Y48E,33238510
ジジキンから聞いた本当にあった怖い話,/watch?v=Q7RKMmfYTac,5888606
自画像描いてみた！,/watch?v=coxTwEk696g,1046116
ペッパーピアノ弾いてみた！【pepper】,/watch?v=0-8TR_KvT_I,5205020
【実験】美声サプリ飲んだら歌は上手くなるのか!?【魅惑の美声】,/watch?v=CdP8V69AfQQ,2013375
お風呂の沸く音とセッションしてみた！,/watch?v=Z9_1WLbMt7A,3562624
10年ぶりに書道やってみた！,/watch?v=-PY9cIHsDe8,1949542
スプラトゥーンスタンプ買って押してみた！かわいい( ^ω^ ),/watch?v=lcjTUNbJe4c,1004097
新しいぬいぐるみたちを一気に紹介するぜ！マインクラフト & スプラトゥーン！,/watch?v=o-ZMSApKxzI,1436765
【告知】テレビ出演！NHK Eテレ『Rの法則』に出演します！,/watch?v=LnPsFLRlCNQ,560066
家中大掃除してみた！,/watch?v=ZlHo4T963ss,3846211
【悲報】福袋買ったら。。。,/watch?v=qikkC8_vDDs,3479154
罰ゲームかけてポカポンゲームやってみた！これオモロイw,/watch?v=nhhJb7L3OAk,6512418
百味ビーンズをかけたジャンケン対決！ゲロ味 & 鼻くそ味を食べるのはどっち!?,/watch?v=VH10chCox7I,9217485
ヒカキンとセイキンで雪にダイブ！【恒例行事】,/watch?v=VcJah4MkgzA,3904864
ヒカキン1日密着！2016元旦,/watch?v=DtKyz1GnhFo,5305830
ヒカキンの2015年振り返り&2016年の抱負！,/watch?v=SaO3vRcYhgo,664864
イカに囲まれてみた！スプラトゥーンイカぬいぐるみ全種類！,/watch?v=Ml6yNVNfi7I,2276744
うまい棒600本でうまい棒タワー作ってみたらまさかの…,/watch?v=RbDRwF0DFh4,3923818
【伝説】金のキットカット食べてみた！限定500本！,/watch?v=J5WpdXa2n-g,2118444
【超閲覧注意】おならサウンドマシーン買ったら放送事故級に汚すぎた。。。,/watch?v=pi75RQLcoB8,5147289
進撃の巨人再現してみた！【TOLOT × 進撃の巨人】,/watch?v=RZAeBjwRkso,1921614
マインクラフトのシールセット買ってみた！,/watch?v=jZvpjqzju7Q,1253062
紅白風呂作ってみた！,/watch?v=2BB2R05EaKM,6995868
YouTubeテーマソング UUUM忘年会2015ver.,/watch?v=YhBOAIJEDJg,9322301
超巨大ダイヤの指輪買ってみた！,/watch?v=caGsVo-kE5c,2790524
ヒマラヤの岩塩食べてみたら。。。,/watch?v=pDTgPv0Ll1g,1935499
YouTubeテーマソングCD&DVD発売開始！ ※再入荷しました！,/watch?v=7-M83NCuqgs,717892
負けたらプールにドボン!? ヒカキン&はじめしゃちょーで妖怪ウォッチ ぷにぷに : Google Play GAME WEEK,/watch?v=kYqNrBhUt_Y,2147597
風船で宙に浮きながらゲームやってみた！ヒカキン&はじめしゃちょーで妖怪ウォッチ ぷにぷに : Google Play GAME WEEK,/watch?v=XSxk4M8uInA,1045732
すず当てクジで大当たりを当てるぜ！,/watch?v=MbecDEaG8a0,5676355
黒いミルキー!? 魔法のミルキー食べてみた！,/watch?v=yo-E44KfRV0,699252
YouTubeから謎の箱が届いたから開封するぜ！,/watch?v=H1_KAmb332g,5883284
ポテトチップス コーラ味食べてみた！,/watch?v=dlWqMxADBok,1665136
マインクラフト ミニフィギュア黒曜石シリーズ買ってみた！,/watch?v=xqV_FOZjPtE,2438865
超巨大イチゴ食べてみた！メガサイズ博多あまおう,/watch?v=TCQQzovHYzo,3066539
チョコボール100箱開封して金のエンゼルを狙う！,/watch?v=URTcIQYuqzI,4641668
ヒカキンバッテリー発売！cheero Power Plus 3 HIKAKINバージョン！,/watch?v=ctxE8F1SOl0,533172
シャーペンの上に立っても芯が折れないだと!? ゼブラ デルガード！,/watch?v=F3lC_2P7YYM,3238978
ユニクロで全身コーデしてみた！UNIQLO,/watch?v=e8PzGkmlPic,2002840
自宅に噴水買ってみた！ミニ噴水『石の滝』,/watch?v=qVhBEFwBBUY,4508512
消しゴム300個買ってみた！,/watch?v=AyZZWDPOXak,4736400
先にベジータ当てた方が勝ち選手権！はじめしゃちょー & ヒカキン！,/watch?v=nqrp0Jz3qTA,6520236
iPhone6sに1000本の巨大クギを落としてみた！進化したZ'us-G(ゼウスジー)強化ガラス,/watch?v=xfKOU0wc2dI,5269497
はじめしゃちょー & ヒカキンの恋愛トーク！彼女はこんな人がいい！,/watch?v=n3ffLPph1BY,3264303
セブン-イレブンのかまくらケーキ食べてみた！,/watch?v=TpStV_WJTdA,1885311
メントスコーラ ＋ 水鉄砲で威力は上がるのか試してみた！,/watch?v=8qjJ6BQETZA,7486907
【ニキビ対策】巨大ニキビ現れたけど、俺は無敵,/watch?v=oNIZs61-zfU,2475352
100日間放置してた巨大グミ食べてみた！,/watch?v=Te95Ciba-Jo,4841479
おにぎり30秒で食べられるかチャレンジしてみた！,/watch?v=4yfbPNoVTsE,2872033
1000円と100円のお〜いお茶比較してみた！,/watch?v=k9ZjREICWf0,1140268
加湿空気清浄機買ってみた！SHARP KC-D50-W,/watch?v=taNZL5UUMxc,900080
ダイソンの掃除機買ってゴミ吸いまくってみた！dyson v6 fluffy+,/watch?v=0hAVKDVXRwc,1733391
新居で焼きいも作ってみた！,/watch?v=tuqWYDE4yEw,2293758
ヒカキン新居紹介！引っ越し完了！,/watch?v=-9U3NOHsT1k,4720675
ヒカキン引っ越し2015！さらば部屋よ！,/watch?v=FfNc1BSl2uw,4410139
昔の服着てみた！,/watch?v=UxQCRVSWw-g,1365408
超かわいいヒカキンケーキをサプライズしてもらった( ；∀；),/watch?v=x1fBqSuIq7A,965760
冷蔵庫開けるとしゃべるぐでたま『ひえたま』が超かわいい件,/watch?v=y6wY-bbiKQI,2115742
【激ムズ】1分迷宮スマートエッグ レベル９に挑戦してみた！,/watch?v=P0NGzyrxGS8,3774217
YouTube FanFest 2015の裏側！,/watch?v=JYD-gFwX1Uo,523774
世界最小のボイスチェンジャー使ってみた！,/watch?v=CztTS1lcmbU,919633
iPad Pro買って大画面でゲームしてみた！,/watch?v=1oJ8T3xfhWI,2634672
スタジオで歌・ダンス・ビートボックス練習してみた！,/watch?v=jd6qvRIPfSw,2773599
うんちくんグミ箱買い！10回引いて当たりは出るのか！？,/watch?v=1gZHpMu9kSI,6306976
ストレス解消グッズ『カオマル』ぶっ潰してみた！,/watch?v=Sb5G3xS9dHM,2136833
復活しました！ご心配おかけしました。。。,/watch?v=U-zsyc4tg8I,10503656
セイキンのMVに隠れた５人のヒカキン君を探せ！,/watch?v=XTtKrT-PX4s,2063131
YouTubeテーマソングをカラオケで採点してみた！目指せ90点！,/watch?v=ijQV46-cigo,11361755
超すっぱい【スッパスギール】全部一気に食べてみた！,/watch?v=zJZiPEZ67mE,2362887
スプラトゥーン イカマスコットガチャ買ってみた！ Splatoon！,/watch?v=veTWgK03ULA,2232779
マインクラフトカード買ってみた！Minecraft Collectible Sticker Cards,/watch?v=1D6phYLcAcI,2802998
クリスタルボールで技に挑戦してみた！,/watch?v=fLys_L7bQKQ,2504360
ヒカキン vs ものまねうんち君！ビートボックスバトル！,/watch?v=jmVXpHsKxW4,14436319
トランペット吹いてみた！,/watch?v=27d7KqVbvE0,3238722
占いやってみた！【グノシー】,/watch?v=bGd80rw2dyI,1723153
【第4回】1000円自販機で大当たりを当てるぞ！,/watch?v=qdLThNhH8Ig,4436055
奇跡が起きた！ 26年間鳴らなかった指パッチンが鳴った！,/watch?v=HheMLoYQtZY,1677629
ヒカキン vs 世界一酸っぱい梅肉エキス,/watch?v=nQI6petswp4,736506
スーパーボールくじで大当たりを当てるぜ！,/watch?v=l59ozZ8PzqU,23238644
中学の時に録音したカセットテープ聴いてみた！,/watch?v=bECdEQF2SeA,1179758
20年前のゲームが起動するか試してみた！,/watch?v=Qd-ln7YGSak,5622673
ぐちの壺に全力で叫んでみた！,/watch?v=82fUlEIOih0,1080258
初めてジャグリングしてみた！,/watch?v=ABTKSEoWGmA,589593
ケツ保護パットをはいてケツから転んだら痛いのか試してみた！,/watch?v=1wvEm80XIXM,1333404
【閲覧注意】虫食べちまった！巨大毒クモ紹介！,/watch?v=gqeWUsC6728,11297223
新しい財布を買ったぞ！！！,/watch?v=SKklCGPBct8,2065320
【閲覧注意】豚の顔食べてみた！,/watch?v=pPv-Gp9oee0,2815080
【閲覧注意】パンツ福袋買ってみた！,/watch?v=Y6cXcinWaEE,805978
新ヒカキンTシャツ登場！今回は２種類！,/watch?v=Bu_PCs_I5BI,745834
セブンイレブン × ビストロSMAPのカレーがウマすぎる件！Wソースカレー,/watch?v=y-sbbhovs5w,1221072
【家宝】クリスタル製のドラえもんがやってきた！バカラ ドラえもん！,/watch?v=OXnWWTW98cM,2225168
YouTuberイベント！#YTFF Meet & Greetの抽選開始！,/watch?v=ntfXLD9f73I,140828
Pepper(ペッパー)と野球してみた！,/watch?v=RR592qDbDf4,2660611
YouTube FanFest 2015に出演します！抽選で1500名さまご招待！#YTFF,/watch?v=S5QDrv_7ZOg,167000
ペプシゴーストミステリーフレーバーって何味なの？,/watch?v=KMl1ul-iPR0,580800
駄菓子500個に埋もれてみた！,/watch?v=C1S7qQuXiTM,6774957
民族楽器『Jaw Harp』演奏してみた！,/watch?v=1yn0JM0zvl8,1260533
全力でストパーにしてみた！ストレートアイロン,/watch?v=lfCoMbjtR9c,3655574
【閲覧注意】毛穴の汚れ吸引してみた！パナソニック スポットクリア！,/watch?v=mKpbk8TRTUc,2466846
ビールっぽいジュース飲んでみた！,/watch?v=KwmV8HVwx3s,982974
咳ビートボックス！Cough Beatbox,/watch?v=bR0065wOSXk,1263217
ヒカキン流！風邪の時にオススメなものランキングベスト３！,/watch?v=rVn9R-ddvuo,1192025
イベントで壁ドンしてみた(笑),/watch?v=P2IHwYOAU1Y,4611100
【激辛】マグマ茶飲んでみた！,/watch?v=GlFhszSlu8I,2138450
暗闇で光る虹色の石『夜光石』買ってみた！,/watch?v=le-hEu2EpIs,1815895
テレビ出演情報！NEWSな2人に出演します！,/watch?v=tTQDDCYDS0I,330510
Pepper(ペッパー)のドラム × ヒカキンのビートボックスでセッションしてみた！,/watch?v=CcYOEU3Wb50,4314554
飲み物じゃないコーラがあるだと!?,/watch?v=9V5MlMO3LzQ,2076429
ヒカキンのマインクラフト攻略本発売！【ヒカキンとはじめよう! Minecraft大百科】,/watch?v=3ebygm5zbKY,1211273
名探偵ボイスチェンジャーで声変えてみた！【リベンジ】,/watch?v=KAW-0ESqFXM,3832972
自分の息がくさいか調べてみた！ブレスチェッカー！,/watch?v=-VUozopUMPA,2123099
キターーー！iPhone6sがやってきた！ / Apple iPhone6s スペースグレイ 128GB,/watch?v=gpK7gYyVr54,3198376
【大喧嘩】ヒカキン vs セイキン！ライトセーバーバトル！,/watch?v=rMPFhewQcAY,7425910
【超激苦】苦虫茶 vs ヒカキン！,/watch?v=sNbFdVdOHBE,2157192
名探偵コナン再現してみた！,/watch?v=7jGXBYD5DAA,5089186
さけるグミ『たまご焼き』味食べてみた！,/watch?v=AbP8tmCvIxA,1320368
Pepper(ペッパー)としゃべってみた！,/watch?v=T6Tur9RkAN0,4910960
Pepper(ペッパー)がやってきた！人型ロボット！,/watch?v=jMENljrQnmA,7045707
青鬼ガチャリベンジ！今度こそ赤鬼を当てるぞ！,/watch?v=kfpEC80muFM,14322740
超巨大けん玉で技をきめるぜ！,/watch?v=HjqeBRA_cvg,977102
青鬼のガチャガチャ５カプセル開封！,/watch?v=C6LNj_so5vs,5865710
手回し発電機でiPhone充電してみた！,/watch?v=EbDLOnl49x8,936323
ヒカキン vs ミルキーあぶらとり紙！,/watch?v=AXL-0CaCi9w,832236
ヒカキンがコンタクトにしない理由。,/watch?v=tN9SNUXrtCE,3453007
ヒカキンの特技をお見せしましょう。,/watch?v=zSExMNHSqmw,1761910
【ヒカキンの質問コーナー】彼女の作り方教えて下さい！,/watch?v=v6J7uMDpJ_Q,2591967
コカ・コーラ自動販売機型冷蔵庫買ってみた！,/watch?v=C3uJ-p0Olww,21504900
かかと削ってみた！,/watch?v=eFOwT3KmdMY,1962979
ぬいぐるみ片付けてみた！,/watch?v=9LTvE3iJi58,1807102
酸味 vs ヒカキン！『激すっぱ!飴』を全部一気に食べてみた！,/watch?v=jIWXB-ALbn4,1714410
【マインクラフト】ミニフィギュア ミステリーパック ネザーラックシリーズ５個開封！,/watch?v=FiREDBmrUiI,3972358
バランスボールで転倒エクササイズ！,/watch?v=D9tverwaHqw,1199375
無限えだまめで無限にプチプチしてみた！MUGEN EDAMAME,/watch?v=sQapbuMC574,1955275
ビートボックス × オタマトーン！,/watch?v=ZAZvcezSz8I,4577204
ヒカキンの上京当時のまじめな話,/watch?v=tns05nLr_FQ,1630904
バスケットボールを指で10秒回すチャレンジ！,/watch?v=XB44K4j0L8A,2159122
YouTuber人生振り返ってみた。#YouTuberはじめました,/watch?v=DGayAOx90uE,1202378
【ヒカキン】1本目の動画 60秒ver.【My First YouTube】,/watch?v=Gt1zZ1wSwtI,2166362
【ヒカキン】1本目の動画 30秒ver.【My First YouTube】,/watch?v=t9MQSoM65wM,733082
激マズ飴なめてみた！,/watch?v=jHsCd2h-nZQ,1495401
フルート × ビートボックス！初めてフルート吹いてみた！,/watch?v=QKfLlqadruA,3348568
幸福の青いチョコレートアイス食べてみた！ケルノン ダルドワーズ ジェラート,/watch?v=qQE0P2VBMjE,1109331
過去の自分とジャンケン10本勝負してみた！,/watch?v=CNEMlTHFi2c,2892910
はじめしゃちょーの写真集再現してみた！ 【閲覧注意】,/watch?v=0xeGs5N79e0,10614536
不思議なおもちゃ『Flype』で遊んでみた！,/watch?v=E4jJcAIVvFs,1645872
謎の物体が届いたので開封してみた！,/watch?v=BZD_Bt4H3aw,3577815
10年ぶりにリコーダー吹いてみた！,/watch?v=MCLYam9LO6o,2366636
【世界最大!?】超巨大ヘビグミ食べてみた！,/watch?v=aHMSOFPpb3Y,10127299
【奇跡の一発】ピンポントリックショットやってみた！【プリングルズ】,/watch?v=6c_wf5MKtQ8,943412
大量のドライアイスを使って隠れ身の術してみた！,/watch?v=8tE5btDoSDU,7854249
ヒカキン vs カズさん腕相撲ガチマッチ！,/watch?v=MeAbMYu50u0,7128849
ビートボックス『プルルル』バトル！ヒカキン vs Daichi,/watch?v=l0jaDN30Yds,3744376
ドライアイスにお金を突き刺すと動き出すって知ってた！？,/watch?v=pNP-Xr9nfxk,5470401
【ビートボックス講座】ボーのやり方！ヒカキン&Daichi,/watch?v=8EKCO2XKJ7w,6565425
YouTubeテーマソングレコーディング風景！,/watch?v=UFp3XkfVCoQ,2143530
YouTubeテーマソングMVメイキング！,/watch?v=BLjEfHGCY9A,6645102
YouTubeテーマソング／ヒカキン＆セイキン,/watch?v=WJzSBLCaKc8,104154136
明日公開！YouTubeテーマソングについて語る！,/watch?v=jfV6a-jLgKk,1042992
巨大ドリアン食べてみた！,/watch?v=HseESAkSiy0,5002743
コーラにドライアイス入れて飲んでみた！,/watch?v=YmZ5NBVG5Po,9779144
【実験】アメリカンドッグとモンスターエナジーで充電できるらしい…,/watch?v=I58bydRXhxw,1080690
セイキンにサプライズ誕生日プレゼントしてみた！,/watch?v=EMi6F8_sJSE,2700805
好きな曲熱唱してみた！ヒカキンオススメ曲紹介！【AWA】,/watch?v=uDFJd8R6O4I,5762374
飲んでふくらむ!?コバラサポート飲んでみた！,/watch?v=AP6rtu8YuGI,721749
セイキンにおならドッキリ！,/watch?v=Uz3hSgn5UVY,4322209
ビートたけしさん登場！プレゼント企画！【アンファー新CM】,/watch?v=FWpVmw9jl08,691093
火が消えないロウソクの火を全力で消してみた！『マジックキャンドル』,/watch?v=zTg5Mdyx--o,2705571
冷凍食パンをそのまま食べると美味しいらしいので食べてみた！,/watch?v=EommpCUZ-YI,1432460
りんごでiPhoneが充電出来ると聞いて試してみた！,/watch?v=hEqav1ypoVw,11268918
パパイヤの種がわさび味らしいので食べてみた！,/watch?v=8UZke6jhvzY,585306
【閲覧注意】鼻毛一気に全部抜いてみた！鼻毛脱毛ブラジリアンワックス『GOSSO』,/watch?v=jFlDocyL_M0,12185610
今年もYouTuberイベント開催！&ボンボンTVスタート！,/watch?v=wqPqMelcEYE,171980
ヒカキン vs セイキン 似顔絵対決３本勝負！,/watch?v=R0ka2X8WL0o,4565190
世界一甘いお菓子食べてみた！,/watch?v=hJ-D9aaMXyQ,3526543
RedBullを逆さにしてもこぼれない方法があるらしい,/watch?v=L4nzK-VQh98,2625179
指笛何秒で出来るようになるか本気で挑戦してみた！,/watch?v=rHvNohcTa8k,1789267
顔に缶がくっつくって知ってた?コーラ缶チャレンジ！,/watch?v=YwNMPDkdiTM,1541136
ギザ十発見！10円以上の価値のある10円玉！,/watch?v=0dvMf_c830k,1485694
超巨大ピザグミ食べてみた！,/watch?v=gk-RYc1FM-0,12808111
馬の心臓入りドリンク『激強打破』飲んだら眠気吹き飛ぶか試してみた！,/watch?v=GissNF8CF2E,1290969
【負傷】リフティング100回目指してたら悲劇が…,/watch?v=hu2QK1OOz8o,5065492
液体磁石で遊んでみたらすごいことになった！,/watch?v=KYBKwIYuBD0,10176462
リフティングボールで修行してみた！,/watch?v=Rjx50X6RSDI,1616803
卓上パンチングマシン本気で殴りまくってみた！Stress Buster,/watch?v=vez3RHOJptY,5810050
おしりでフラフープ回せるらしいのでやってみた！,/watch?v=K41Gh9KlU50,1506022
ユーチューバーで『パピプペパピコゲーム』やってみた！,/watch?v=60iApprwFVQ,5846846
海賊のたから箱開封してみた！中身はなんだ！？,/watch?v=jCEVZNgURYA,5747214
超ピカピカのお金買ってみた！,/watch?v=yuNenrFz_rI,6396501
【激ウマ】スムージーデビューしてみた！おはよう！代官山スムージー,/watch?v=VRaKZnLX4LU,460955
リアルゴールドにブラックライト当てると光るらしい！,/watch?v=FDHcY0XSgvs,2153890
【閲覧注意】ヒカキン vs 巨大ムカデ！,/watch?v=dFLRlvA9PLE,9602150
ヒカキンとセイキンの昔の写真公開！,/watch?v=4zMiqhT9VdI,7903723
ピノ30箱開封で幻のピノを探す！ピノチャレンジ！,/watch?v=Kp30l3qcXUQ,5018057
コーラボトル型巨大グミ食べてみた！,/watch?v=g3g8m2rRIc8,7981730
ヒカキン vs セイキン どっちがイケメンか勝負してみた！,/watch?v=0I_wjjyM1Zc,4868313
レッドブルサマーエディション トロピカルフルーツ飲んでみた！ Red Bull SUMMER EDITION,/watch?v=jJW0bgZh-OY,520211
ヒカキン握手会2015 @新潟イオン長岡店,/watch?v=x0anRX9DlW4,472507
マインクラフトのキーホルダー５個開封！何が当たるか!?,/watch?v=L7zdpottuOk,5376562
【未来型】新感覚リラクゼーションマシーン使ってみた！,/watch?v=PYYMvxGEJ50,945170
ワンダーコア TVCM パロディ ヒカキン編,/watch?v=avtXVnrVYzI,6916368
YouTube動画の字幕実況してみた！,/watch?v=GvKnTyETKvs,3725356
味噌ラーメン風ドロップスなめてみた！,/watch?v=QW88Lo7Smng,421537
メイクアプリで自分の顔可愛くしてみた！YouCam メイク,/watch?v=RIbAsAnAlHg,1990677
ロングブレスピロピロ３本で遊んでみた！腹式呼吸エクササイズ！,/watch?v=twXwZTJEwoY,459749
SUPERすっぱいレモン味ポテトチップス早食いタイムアタック！,/watch?v=5h_5gPqROHw,833863
ワイン飲み比べ！1万円と1000円のワインを当てられるか！？ヒカキン × 木下ゆうか × マスオ,/watch?v=zae5479Mgm0,1267743
BABYMETALさんに突撃インタビューしてみた！,/watch?v=CwV8sw5DB0g,1280049
ロシアンルーレット飴食べてみた！ハズれるのはどっち!? 【ネタバレ注意】,/watch?v=Duat1rg_jlo,4125012
超辛い粉『辛辛粉』食べてみた！,/watch?v=FV09k4ntPTs,3990571
7月5日イオン長岡店でヒカキン握手会開催！,/watch?v=wNqWAJgjOaI,187216
【閲覧注意】エイリアン食べてみた！,/watch?v=NsLt78NU9vc,3225418
【閲覧注意】1000円自販機でゲットした鼻毛カッター使ってみた！,/watch?v=jiUtNnh2W0g,1314345
ヒカキン初めてのボルダリング！,/watch?v=jlY2M4RUEzM,2783076
YouTubeのUFOキャッチャー!? 祭 with androidで遊んでみた！,/watch?v=g6T1anf8ddw,3147736
【第３回】1000円自販機３度目のチャレンジ！来い大当たり！,/watch?v=_6VdXNTmt_g,3651916
渋谷109に超巨大はじめしゃちょー出現！,/watch?v=e2Zh07tn-Ko,1407553
盗聴器発見器で自分の家調べてみた！,/watch?v=0ocwTkyJdGQ,2783967
今夜テレビ出ます！とことん掘り下げ隊! 生き物にサンキュー!!２時間SP,/watch?v=Qim07mBjRHo,367406
オロナミンC + ポカリでMATCHの味になるって本当!?,/watch?v=4HMislvpk58,1210033
バナナを縦３つに裂けるって知ってた！？,/watch?v=c57mhkzeDFc,911947
水風船は火であぶっても割れないって本当!? 実験してみた！,/watch?v=8d6kH5JZcL0,7965380
雑巾の味!? オレオ+オレンジジュース試してみた！,/watch?v=rl7G_xOFBp0,736904
【何が当たるか!?】マインクラフトキーホルダー５個開封！,/watch?v=Tc91zCQxKbE,3234110
【閲覧注意】ヒカキン俳優デビュー！『呪怨 –ザ・ファイナル-』撮影の裏側！,/watch?v=7zCfe5gLrJw,4606278
【恐怖】チャーリーゲームやってみた！チャーリーチャーリーチャレンジ！,/watch?v=J-lN_64fDjo,6749556
顔面毛穴パックやったら大変なことに…,/watch?v=zSMSM_rGsn4,6461168
ストレス測定アプリ使ってみた！,/watch?v=vQJgh4aWWi4,838723
はじめしゃちょー vs ヒカキン 顔面ストッキングつなひきバトル！,/watch?v=-jsBucUpd2Q,2890121
服に醤油かけてみた！,/watch?v=zM25oFn3a_k,1966454
はじめしゃちょーの壁ドン12連発！,/watch?v=caKMcmTr9i0,9428041
【閲覧注意】ガングロギャルになってみた！ヒカキン × 佐々木あさひ,/watch?v=pg-Xjg4_vjU,1228335
新旧ジャイアンフィギュア比較してみた！,/watch?v=Vs_uTJlZYbM,779255
ヘアーカラースプレーで髪をヒョウ柄にしてみた！,/watch?v=39qHUiIg7eo,1022845
【寄生獣】ミギーグッズで遊んでみた！,/watch?v=BmDmjz0sYVk,2472034
謎の実食べてみた！,/watch?v=Q-z_PMxBuYU,1531146
マイクラマンになってみた！マインクラフトグッズ紹介！,/watch?v=E0pD7ukO2Bs,1259855
初めてスケボー乗ってみた！ ペニー スケートボード Penny Skateboards,/watch?v=LNY3fs07os8,4734176
耳の中が超スッキリ！耳洗潔ぬってみた！,/watch?v=dw3SDwZH6GY,962257
ベジータ カップヌードル食べてみた！カップヌードルCM 「ベジータ スーパーヤサイ人になろう 篇 パロディ,/watch?v=EbUGUObYvjg,929683
鼻で風船ふくらませてみた！,/watch?v=qXIK-pPOO28,2079236
アニマルフェイスマスクで動物に変身してみた！,/watch?v=rinfSeRqQSs,595147
マインクラフトのミニフィギュア買ってみた！狙うはゾンビ！Minecraft  mini figure！,/watch?v=TifXWwuR5Ic,4529718
【閲覧注意】耳くそ吸引してみた！ポケットイヤークリーナー！,/watch?v=Odij-haXy6E,7426947
雷 vs ビートボックス Thunder vs Beatbox,/watch?v=V4wNMFE3UqQ,3108028
水素食べてみた！アクティブ水素！,/watch?v=Ps_NGROpVJw,975474
ピノのジェラート食べてみた！ピノ ルージュベリー！,/watch?v=vM-ZuBBhIqU,1437388
謎のモアイとムンクの叫び買ってみた,/watch?v=WsPyEMm-qcE,1426217
自動走行するチョロQで遊んでみた！センサーで障害物をよける！,/watch?v=vzyJY06ok5Q,1833535
自宅にATMがやってきた！タッチパネルATMバンク,/watch?v=yYMcn8AZ2cg,10269971
ルービックキューブ初挑戦！10分で解いてやる！,/watch?v=Ck8Q11MRCog,1719361
ピルクル1.3倍と普通のピルクル比較してみた！,/watch?v=FdtnsTXz0Bw,624665
ガリガリ君リッチコーヒーオレで当たりのエメマンTシャツを狙う！,/watch?v=Qb8aLse4snM,705344
のびーるフィットネスで筋トレしてみた！,/watch?v=k_NPtW4Xyeg,695875
セブンの海老チリチャーハンがウマすぎる！,/watch?v=gFO9zy3aG0I,1621115
ゾクゾクくる!? 癒しのヘッドスパやってみた！,/watch?v=y1UDoNpHiTQ,617724
麻酔でしびれた口でビートボックスにチャレンジ！,/watch?v=AKWe4-aWIr0,3142097
小島瑠璃子さんに洗顔してもらった！OXYイベント！,/watch?v=YO8xJXbtqrw,4251344
ローソンの狼煙監修カレーまぜそばがウマすぎる！,/watch?v=WSAv77SLDvw,1642853
混ぜるとアロエヨーグルト味!? 贅沢ヨーグリーナ＋いろはすアロエ！,/watch?v=Y7MS80KBn0w,632659
いろはすトマト飲んでみた！トマト度は何%!?,/watch?v=TBl0niTXRnw,655555
テレビCM出演決定！映画メイズ・ランナー！HikakinTV特別試写会開催！,/watch?v=J-D0T1UWZrE,697381
映画「メイズ・ランナー」ヒカキンコラボ TVCM,/watch?v=1pvPbyNdHUs,1004824
自分の顔年齢診断してみた！how old net！,/watch?v=JOazeRP64g8,2737440
【コスパ最高！】凍らせて食べるドリンクゼリー！【新感覚】,/watch?v=tCc9Ru4ZV9s,642465
【閲覧注意】アイプチで二重にしてみた！,/watch?v=7l2oYAhCrmU,3857726
パワーボムで握力を鍛えてみた！,/watch?v=W7C-ss5GWKE,3246321
妖怪ウォッチの和菓子『食べマス妖怪ウォッチ』食べてみた！,/watch?v=Cnx9lIO72p4,2172670
まるでキウイを冷凍したような食感のアイスバー食べてみた！セブン＆アイプレミアム,/watch?v=E_Ls7ZqIxdA,758843
【告知】ナカイの窓に出演します！4/29(水)23時59分〜,/watch?v=CRTkWVDWe0c,312789
母親からメッセージ!? UUUMとPDSからサプライズプレゼント！,/watch?v=tCskp-ZgHLg,1028120
ヒカキンバースデーパーティー@YouTube Space Tokyo,/watch?v=MsN-7qcB_tI,1764926
ヒカキンへのバースデーメッセージ！,/watch?v=th1iL8VnxK4,2336933
アップルウォッチGET！Apple Watch ブラックレザー ステンレススチールバックル！,/watch?v=N4Ds3agXNuI,2747065
自家製トマトでカプレーゼ作ってみた！ハートマト栽培完結編！,/watch?v=L-ZeZCa92TM,677203
ジービーズで遊んでみた！決めろトリプルアクセル！,/watch?v=5HBiKlyUtR0,1915529
UUUMにUFOキャッチャーがやってきた！ヒカキンvsPDS！,/watch?v=EpUjJbyVi5M,3492001
のびえもんがやってきた！自分への誕生日プレゼント！,/watch?v=ZpSKUxQVvOo,1425955
空飛ぶ玉『フライングボール』がマジでおもしろい！,/watch?v=74qpjMQGo68,1984210
映画『ドラゴンボールZ　復活の「F」』見てきたぞ！そしてピッコロがやってきた！,/watch?v=bF1Z6j4IVUA,1417929
超巨大サリーがやってきた！ビッグヘッド・サリー！,/watch?v=OQ1nNYVVuaE,487228
【告知】久々にテレビ出演！１Hセンスに出演します！ ※地域によっては関西でも放送あるみたいです,/watch?v=seorHKR1U-8,411209
ヨーグルトにカレー粉入れて食べてみた！,/watch?v=FH3izLZt8ME,852857
透明なのにヨーグルト味!? 贅沢ヨーグリーナ&南アルプスの天然水飲んでみた！,/watch?v=YTyxGXqrjsw,832309
サリーグッズ大量GET！LINE FRIENDS STORE！,/watch?v=9iiFeQdFUg0,625678
レモンジーナ＋オランジーナ=いよかんジーナ!?らしいので試してみた！,/watch?v=LFS_tQm1sWo,819884
エアガン買って的に撃ってみた！デザートイーグル！,/watch?v=UEkkaC7Nr9c,8874876
ピンクの醤油食べてみた！華貴婦人！,/watch?v=lphUzpZ4Q3w,1187501
ガムのガチャ買ってみた！ガムガチャクラシック！,/watch?v=Y0U2k30Qfkc,10272422
【死の辛さ】ザ ソース食べたらエライことに…,/watch?v=TJM8qnmOlcQ,11585280
ヒカキン&マホトのしゅしゅしゅ講座！,/watch?v=dzQTyREFinM,3443761
ヒカキン vs はじめしゃちょー ビートボックスバトル！,/watch?v=VLGeisJwXQ0,14951685
にんにくコーラ飲んでみた！ジャッツ タッコーラ！,/watch?v=P9Ns5i3zfeQ,691472
鼻にひじをくっつけられるか力ずくでやってみた！,/watch?v=ERqjkrQRrBE,631504
レモンジーナは土の味がするのか飲んでみた！,/watch?v=YjEFcnnmMWk,1401179
ツイッターフォロワー100万人突破の瞬間！,/watch?v=PuVBgN8VJJg,494578
ランニングマンやってみた！三代目 J Soul Brothers from EXILE TRIBE : 「R.Y.U.S.E.I. 」,/watch?v=xWOfpXBIUWM,5076708
デュエル・マスターズ初めて買ってみた！フルホイルVSパック 仁義無きロワイヤル,/watch?v=nSH7IONbbJw,4095439
コーラにCCレモン入れると透き通る!?,/watch?v=fWgliw0iaOk,3454463
モンストのUFOキャッチャーにチャレンジ！,/watch?v=GvhSpyro1Js,3783904
ロボット猫買ってみた！,/watch?v=NX4m5x6PhlM,4981171
マインクラフトのかぶりものかぶってみた！Minecraft Head！,/watch?v=UivRhVDsTqo,1567712
【当選発表】iPod touchプレゼント企画！,/watch?v=owML43AYB1M,520781
ドラえもんシチュー作ってみた！,/watch?v=eXGR7jncVJg,13607376
ビートボックスのドラムロール何秒出来るかチャレンジ！,/watch?v=5tY5okAhndo,1384387
UUUMにプリクラ機がやってきた！,/watch?v=cQCfLehk5PU,4966682
ティッシュの中身を何秒で全て出せるかタイムアタック！,/watch?v=aSa96LWIQ7o,691730
スマートグラスデビューしてみた！エプソン モベリオ！,/watch?v=z5uYfwfGN9I,1025538
LUSHのバスボム全種類一気に入れてお風呂入ってみた！,/watch?v=Fze4EAhW2w0,20591905
ヒカキンバースデーイベント開催！@YouTube Space Tokyo,/watch?v=U9-pb_y0R5Q,320485
ボディービルダーのマッチョクリーム塗ってみた！,/watch?v=F7e35mJmD0s,2214399
【プレゼント企画】ヒカキンTV200万人突破記念にiPod touchプレゼント！,/watch?v=lVZoBEujrOM,1140302
わさびの辛さをマヨネーズでかき消せるか実験！,/watch?v=yI2EHZWNE6U,1427169
ユーチューバーのものまねしてみた！,/watch?v=RgzPn8IlcIU,9847761
中身はなんだ!? エースの変なTシャツコレクション３つ買ってみた！,/watch?v=CGzUrEuvcKI,906507
ヒカキンとセイキンの初ビートボックスコラボ！,/watch?v=KB-SXAtJ4sY,4262684
UFOキャッチャーで取れそうなやつ10個狙ってみた！Part2,/watch?v=AVX36rNzeGI,3343990
世界一辛いデスソース「ウルトラデスソース」食べたらヤバイことになった…,/watch?v=3EQ6DlLTQqA,6425840
東京ワンピースタワー行ってきた！Tokyo One Piece Tower！,/watch?v=NuSa1ehxhwY,1519741
【UFOキャッチャー】巨大くまモン人形をねらう！,/watch?v=z_9fvTd1w4A,3510933
【拡散希望】Yahoo!で3.11と検索して10円寄付しよう！,/watch?v=6MSw9jn-z2I,632623
UFOキャッチャーで金のうんこをねらう！,/watch?v=zJNahQ4U2jk,5499370
緑のコーラ飲んでみた！コカ・コーラ ライフ日本上陸！,/watch?v=evrScRJvBGg,1345951
謎の物体が家に届いた…,/watch?v=RysdlhOly4Q,2582387
HikakinTV登録者200万人突破の瞬間！,/watch?v=TmSMBJO04vY,766232
のび太のコスプレでドラえもんに会ってみた！,/watch?v=degDoeK_hUg,16888423
家の中でゴルフしてみた！,/watch?v=LAcAcHwV2p8,1563280
ロボットひよこ買ってみた！夢ひよこ,/watch?v=QrmPSAOxw5I,3639278
ひなまつりのチロルチョコ！ビッグチロル ひなまつり,/watch?v=xxiFrg9SATk,968027
【モンスト】リアルディスクバトル箱買いしてみた！,/watch?v=Bn7LGDRzHHY,4542233
じゅうたんがやってきた！ヒカキンリビングついに完成！,/watch?v=V_t6knyx-v4,1399668
バナナ+マヨネーズでメロンの味がするらしいから試してみた！,/watch?v=jkizL174C8U,1942072
ヒカキン×もるさん初コラボ！髪型カッコ良くしてもらった！,/watch?v=rHm0hb7zmww,1785520
もち入りハーゲンダッツ!? ハーゲンダッツ 華もちみたらし胡桃,/watch?v=5fjUDuLzHC4,1156757
永遠の愛を感じてみた！丸いリップクリーム「チューリップ」,/watch?v=LDY1yaNNgQc,937544
ヒカキンはお酒に強いのか!? アルコール体質試験パッチ使ってみた！,/watch?v=X4k5ZF8Vp9A,1651707
ヒカキンの必殺技をお見せします,/watch?v=wICR9BIoVNg,5272300
デスソースの辛さをレモンでかき消せるか実験してみた！,/watch?v=RQ560M26X0E,1219405
メントスコーラを口の中で封じれるかチャレンジしてみた！,/watch?v=JGG09Oow8EE,14895417
ヒカキン＆セイキンで北陸新幹線開業記念イベントに出演します！,/watch?v=6kpEFj12dOQ,320218
本格的にドラゲナイやってみた！SEKAI NO OWARI「Dragon Night」,/watch?v=xy0jHkJ8Jmk,5048426
顔に電流ながしてみた！,/watch?v=VnaYLxnEkDw,1067117
小顔マスクしたら恐怖のマスクだった,/watch?v=9oHoIea1CwM,1248703
YouTubeから3つ目の金の盾が届いた！,/watch?v=-iVECl3Ri1Y,927147
猫背を治す『脊椎キョウセイベルト』してみた！,/watch?v=za4wZ8Xm_z0,750630
チワワと遊んでみた♪,/watch?v=gD_hVU3JGBg,4438690
【大食い】2.5kgジャンボ餃子大食い対決！ヒカキン vs 木下ゆうか,/watch?v=pni05ZkWioQ,23679201
スマホを手で持たずにいじれるグッズ使ってみた！,/watch?v=hOlym1voPRM,10605933
モンストクッキー食べてみた！&闘会議でゲットしたグッズ紹介！,/watch?v=OwDK292fRJE,494518
青汁だんご作って食べたら大変な事になった…,/watch?v=dUi2Z_1Zybk,3093676
ヒカキンがどんな高校生だったか同級生に聞いてみた！,/watch?v=C5wnAL9wntc,1697913
2/14(土)お台場でイベント出演します！,/watch?v=BN_mliA9CXk,162656
カラフルなオーダーカーテンがやってきた！,/watch?v=8MtpHz1JDwo,1011743
【実写版ドラえもん】ドラえもんになってみた！,/watch?v=8tmlOafraCQ,9593411
後ろの人形紹介してみた！,/watch?v=zqFXfe4W8SY,2435364
パズドラトレーディングカードゲーム買ってみた！パズル＆ドラゴンズTCG,/watch?v=nvxiJflwUf0,1374371
激辛頂上決戦！ゴーストペッパーソース vs デスソース！,/watch?v=8fg1KrvMig8,1840790
【悲報】ヒカキンが書類送検!?されてません！デマです！,/watch?v=-D5wa6-KDFw,2979468
【閲覧注意】いも虫ラジコンで遊んでみた！,/watch?v=2D373nrFHkY,3224227
ヒカキンとセイキンの高校時代のノートを発見！,/watch?v=OgqzFmk_L-I,3474835
犬用のお菓子食べてみた！,/watch?v=nvDnSYAbsSw,1324153
チョコ60種類食べ比べ！オススメバレンタインチョコ！,/watch?v=IOF0FJE47VE,994208
ぐでたまのプリケツに浣腸してみた！,/watch?v=8OKau6nF5Uo,1656674
電流マシン使って腹筋鍛えてみた！,/watch?v=mLXVAFdiv10,2314562
ねぎで肩たたきしてみた！ おもしろグッズ！,/watch?v=ERIxP0cRQYs,925420
カップ麺のスープ+生たまごで茶碗蒸し作ってみた！,/watch?v=glhNxdLarLk,2773805
入浴剤100袋一気に入れてお風呂入ってみた！,/watch?v=P_bYNfkk7gQ,12584391
乾電池とガムの包み紙だけで火をおこしてみた！【真似しないでね】,/watch?v=K3H_-J3MGRo,4214201
ガムテープvs除毛フォーム！すね毛を綺麗に抜けるのはどっち!?,/watch?v=RplqbIQGsO4,11618817
ヒカキン流ダイエット鍋作ってみた！,/watch?v=NhO9VAqdxR4,2686506
千葉のエナジードリンク！？千葉ローカルエナジー飲んでみた！,/watch?v=hgndtllr90g,423779
暴君ハバネロ『辛ボレーション』食べてみた！,/watch?v=zC0rvbRWFT4,988895
【悲報】すね毛脱毛しようとしたらハプニングが…【閲覧注意】,/watch?v=Jz__hB8XIxQ,2770683
遊戯王カード箱買いしてみた！遊戯王OCG デュエルモンスターズ 決闘者の栄光 -記憶の断片- side:闇遊戯 BOX,/watch?v=e70um9HNybg,2971477
【超激辛】地獄の晩餐会食べてみた！,/watch?v=dQaA52EN57E,1519850
目が飛び出そう!? メガパチ食べてみた！,/watch?v=1sCl3taU7FQ,2545411
オリジナルドーナツを作ってみた！【ミスド ブルックリンD&D】,/watch?v=alJJakPQ3Xg,1461492
【スマホの充電に】新ダンボーバッテリーの薄さがヤバイ！cheero Power Plus DANBOARD version -Plate & Block-,/watch?v=2HjWB9bk8KY,766794
ヒカキン vs ものまねフクロウ！ビートボックスバトル！,/watch?v=btCMUJzjEwc,8787562
デスソース vs タバスコ！10円玉を綺麗にするのはどっち！?,/watch?v=iu455-6kuGo,3354166
熱したフライパンにビールを入れるとスゴいことに！,/watch?v=RiD5O16Obvo,8565407
トルコ風アイス限界までのばしてみた！,/watch?v=7YEa1wJ-PUE,2858260
昔集めた遊戯王カード発見したので紹介してみた！,/watch?v=8GcZ0J2Zcz4,3607454
デスソース vs 不思議なサプリ！味覚を変えたらデスソースは辛いのか!?,/watch?v=D2lVIp917CE,2042035
赤ちゃん用の離乳食食べてみた！,/watch?v=nLwL9juGOgk,2305253
無重力になるって聞いてジャンプしまくってみた！,/watch?v=XuL-SI-mYGs,3982754
かめはめ波が打てる！ドラゴンボール 全開!アクションかめはめ波！,/watch?v=-KPMzcLDC6Q,2542986
味覚がバグる!? 不思議なサプリ食べてみた！,/watch?v=skYx8-VfjBQ,4085431
実家の腐ったもの食べまくってみた！,/watch?v=e3Y4IuMNsXM,4968655
ヒカキン&セイキンでスキージャンプごっこ！,/watch?v=VvkF0ormhEE,2551722
ヒカキンの2014年振り返り動画！,/watch?v=Md2GBWjpdFk,974746
【ギネス挑戦】30秒で何回パンツはいて脱げるかチャレンジ！,/watch?v=m5dhUIEB1qI,1453456
ハイテクビートボックス動画撮影の裏側！ヒカキン × HIFANA！,/watch?v=ZeieiQRa6_Y,956035
ユーチューバーカラオケ大会！UUUM忘年会2014！,/watch?v=qytY-VEOpiw,9658419
【自称】楽天 Rポイントマンの戦い 〜ドーナツをゲットせよ〜,/watch?v=_mucgEtG90I,6367217
7年ぶりにテレビがやってきた！東芝 4K REGZA！,/watch?v=xfpoFPgSTAE,9257057
【超簡単】炊飯器でチョコケーキ作ってみた！,/watch?v=D_TJ2T_Sfsk,5971954
コーラ２本一気飲みバトル ！ヒカキン vs セイキンの兄弟対決！,/watch?v=UgJ_CVnG2sE,4830798
【当選発表】PS4メタルスライムエディションプレゼント企画！,/watch?v=lp_yviRwsp0,890001
自分の顔写真がしゃべり出す!? しゃべ顔応援メッセージ！,/watch?v=6o1VpaSdQvE,2908320
アブラたりてます!? EDGE驚き&やりすぎ鬼背脂とんこつ醤油ラーメン食べてみた！,/watch?v=UnWeAFfQR0Y,3757260
サボテンをクリスマスツリーみたいにしてみた！,/watch?v=jPc_dYG3fJE,427079
UFOキャッチャーで取れそうなやつ10個狙ってみた！,/watch?v=Y8xZJ37DgAg,14299200
【料理動画】エビフライ作って合うソースも作ってみた！【ハウス まぜてマジック】,/watch?v=jlCT3GyIjiM,3500135
ヒカキングッズ2014年冬モデル発売！,/watch?v=d96o6RxiyJs,237981
PS4メタルスライムエディションをプレゼント！,/watch?v=Jigl8jdDMM0,1261736
ヒカキン × NE-YO！コラボ動画アップしました！,/watch?v=ojN9laOllDQ,341056
羽毛布団がやってきた！無印良品でゲット！,/watch?v=Iu3yN__ysn4,2045535
コップのフチ子とふなっしー！先行販売でゲットし最速レビュー！,/watch?v=I8sLwX1c5Rw,2230663
ソファーとテーブルがやってきた！カラフルなソファー！,/watch?v=p8znqqNYUIQ,3162486
1人でプリクラ撮ってみた！,/watch?v=EKHoL-c9q2k,2140316
飲むカントリーマアムをミキサーで自作して本物と比較してみた！,/watch?v=SH_4Bt30QuI,2783329
YouTube Rewind 2014 に出演しました！,/watch?v=j2dSe0CjLXA,476443
【Yahoo! 検索大賞2014】ヒカキンがスペシャル部門受賞！,/watch?v=FvoaJFcuYLQ,770459
【巨大】かがみもちリラックマをUFOキャッチャーでゲット!?,/watch?v=0L26ea7ONHg,4570806
UFOキャッチャーでゴールドしょぼんをねらう！,/watch?v=WBsD8SUkLFQ,4566012
世界一UFOキャッチャーの多いゲーセン行ってみた！,/watch?v=L3GpBLgTydc,9822826
アリアナ・グランデさんにヒカキンからプレゼント！２度目のコラボ！Ariana Grande × Hikakin！,/watch?v=EYYT7kx9bNE,4220118
【宝くじ】 1等1000万円のちびまる子ちゃんスクラッチ買ってみた！,/watch?v=HPwwXSl5PaY,2703977
アメリカの真っ赤なモンスター飲んでみた！モンスターエナジーウルトラレッド！,/watch?v=OaXPRs1R1bw,584931
ドラえもんメガネスタンド2買ってみた！,/watch?v=k6jYWmSRvmU,544076
【悲報】ヒカキン初のニューヨークでウンコふむ！,/watch?v=NRDf8lIgEL0,1068525
みそ味&人形焼き味の歯磨き粉で歯磨きしてみた！,/watch?v=6_oiTUMYyIg,405073
透明なコーラ!?『Not see Kola』飲んでみた！,/watch?v=9AJ9cAWZg-A,1105282
【第２回】1000円自販機２度目のチャレンジ！3DS当たったらプレゼント！ 【第2回】,/watch?v=JH4v0Zb-6sI,4592353
【やけどしました】白い恋人チョコレートドリンクあたためて飲んでみた！,/watch?v=QQiYPKjmBMw,1637565
スーパーマリオのクムクムパズルを何分で組み立てられるかチャレンジしてみた！,/watch?v=qAIHCF_STzI,2749936
新グッズ！ヒカキンみかんパーカー&ロンT発売！Amazonで発売！,/watch?v=oZhCHK3rNnQ,315758
ハートマト栽培セットでトマト栽培開始！,/watch?v=zPfUD8o_VtU,495934
【恐怖】フランケンフェイスパック試してみた！,/watch?v=f_34ECiAgaA,676376
【宝くじ】ちびまる子ちゃんスクラッチで100万円を狙う！,/watch?v=uo4tLFYIZf8,3014841
マインクラフトのダイヤとレッドストーン買ってみた！,/watch?v=_rqbM9rd5pY,4544872
ファミマの激辛四川風麻婆肉まん食べてみた！,/watch?v=rXwvu0tg1ok,925517
コップのソコ子さん買ってみた！,/watch?v=N8DMqSxPFZA,2064412
超久々に学ラン着てみた！ヒカキン流学ラン着こなし術！,/watch?v=cenKeIbUZ9k,1041107
自称日本で２番目に辛い柿の種 VS デスソース柿の種！辛いのはどっち!?,/watch?v=KYymIbJUdiU,1331052
巨大サボテン買ってみた！,/watch?v=6H2y8qqlVyQ,682242
【音量注意】声でろうそくの火を消せるか実験してみた！,/watch?v=t0jfr47jihA,1818770
わさび歯磨き粉とわさび両方で歯を磨いて比較してみた！,/watch?v=0JdYMSc3wvo,1723485
SEKAI NO OWARI カップ麺食べてみた！セカオワメンバープロデュース！,/watch?v=h6NrodqIHEc,707559
ヒカキンとマックスむらいのヒューマンビートボックスコラボ！,/watch?v=3Lj2Bo20ulQ,1510587
【閲覧注意】超リアルなヒカキンマスク作ってみた！,/watch?v=BNH8xQBHrJI,9460983
ハーゲンダッツジャポネ苺アズキ食べてみた！,/watch?v=YTyTmN6_cPw,524877
マインクラフトのモンスターたちがやってきた！,/watch?v=LQ0UXvhigi8,4767649
新宿駅でヒカキンとマックスむらいのゲームが遊べるぞ！11/11(火)19時まで！,/watch?v=z0xUyuYQHeI,530501
ぶどう+豆乳!? 巨峰豆乳飲んでみた！,/watch?v=m4bVkACaTqo,440057
のび太の部屋の香りを再現！？ドラえもんルームフレグランス！,/watch?v=o82huXKkWQE,1660202
【激レア!?】コカコーラオレンジの謎にせまる！,/watch?v=FHGC3u_5Z18,1230720
【激辛】ダルシムさん家のカレー食べてみた！ストリートファイター！,/watch?v=YlvH57IZ-K0,1625907
ブンブンジャンケンはじまるよ！これから毎日ジャンケンします！,/watch?v=LxmqiFkgErQ,1816962
第１回YouTuber握手会！,/watch?v=Vm8tOyrmvaI,2699832
【グロ注意】ドラキュラの特殊メイクしてみた！【閲覧注意】,/watch?v=vnQ8OJQxdxg,6284510
LINEにヒカキンスタンプ登場！,/watch?v=O5eiB13BlOs,990333
ヒカキン本第2弾ついに発売！YouTuber本！,/watch?v=9jEmUiMAzb4,450717
【アナと雪の女王】エルサのコスプレ&メイクしてみた！【ヒカキンTV】,/watch?v=g5sjY1jeUNE,9602833
ローソンでカゴ２個分食べてみた！黄金チキンパーティーキャンペーン！,/watch?v=NnB-oVHaRwU,8860055
高級ピルクル!? ピルクルクリーミーリッチ飲んでみた！,/watch?v=7g4ramSb2Fk,564531
ヒカキン渋谷駅看板タイムラプス動画！,/watch?v=eWJ4RkM6Ou0,274167
ヒカキン等身大チョコ作ってみた！,/watch?v=8L0BuQsgF_8,4020611
レッドカーペットで金の再生ボタン受賞！YouTube FanFest Japan！,/watch?v=ByGHuxZ92Y0,920102
剛力ダンス教えてもらったぞ！ヒカキン×剛力彩芽！,/watch?v=NiI60rwQ0m8,3568488
オレンジジュースと麦茶混ぜて飲んでみた！やばいミックスジュース！,/watch?v=mYYjwjAmk6w,357156
納豆とチョコ混ぜて飲んでみた！やばいミックスジュース！,/watch?v=4jjK0giOSpw,472330
牛乳と酢混ぜて飲んでみた！やばいミックスジュース！,/watch?v=1t8JQvfaXPQ,347635
牛乳と麦茶混ぜて飲んでみた！やばいミックスジュース！,/watch?v=QPAuIMnJ7Hw,440319
納豆とラムネ混ぜて飲んでみた！やばいミックスジュース！,/watch?v=iUc6N2hdgsA,428927
ドリアンと麦茶混ぜて飲んでみた！やばいミックスジュース！,/watch?v=9pUF7VXo4AU,363437
ドリアンとニラ混ぜて飲んでみた！やばいミックスジュース！,/watch?v=pJcY_DpFfXs,378645
牛乳とニラ混ぜて飲んでみた！やばいミックスジュース！,/watch?v=48Av6-gIQ2I,341161
オレンジジュースとニラ混ぜて飲んでみた！やばいミックスジュース！,/watch?v=b9PofwlCOwk,331690
ついにYouTubeから金の再生ボタンが届いたぞ！,/watch?v=uQ76ei_DSeo,2706359
スイーツなガリガリ君イタリア栗のクリーミーモンブラン味食べてみた！,/watch?v=TKh45TOp99s,586044
1000円の巨大ガーナポップコーン食べてみた！,/watch?v=-J5-TuKtt1E,951971
【宝くじ】スクラッチ10枚買ってみた！当たったらプレゼント企画！,/watch?v=LqeHMwT-gIQ,2062462
iPhone6 Plusをブッ壊す！？最強液晶保護フィルムZ'us Gゼウスジー！,/watch?v=1p-DpYmX9Rg,2038828
剛力さんに何歳に見えるか聞いてみた！ヒカキン × 剛力彩芽！,/watch?v=ocMB-2Xz_gI,1723434
渋谷駅に巨大ヒカキン出現！,/watch?v=18OJWImcFNI,699261
【緊急事態】まさかの火事！？死ぬほどビビった時の動画,/watch?v=UrvII2AY0UU,17017061
