title,url,view,channel_name,channel_subscriber,create_stamp,mean_view
샤샤로 변신! 라임의 시크릿쥬쥬 어린이 키즈카페 실내놀이터에서 공주로 변신 Indoor Playground Family Fun for Kids,/watch?v=QeS5sQDS9bw,0,Azul Dick,6,,0
라임이 산타가 되어 선물 배달 갔어요~! | 시크릿쥬쥬 케이크 먹방 장난감 놀이 LimeTube & Toy 라임튜브,/watch?v=LXPUF9WhrI0,0,Azul Dick,6,,0
세라의 공주다이어리 장난감 놀이 LimeTube & Toy 라임튜브,/watch?v=q2ij57g9QDs,0,Azul Dick,6,,0
산타할아버지께 선물을 받았어요~! 산타하우스에 간 라임 | 에버랜드 크리스마스 축제 체험 LimeTube & Toy 라임튜브,/watch?v=jbiVwyd3uSg,0,Azul Dick,6,,0
[30분]세상에서 가장 큰 쥐? 주렁주렁 애니멀 테마파크 실내 놀이터 동물 체험  LimeTube & indoor playground,/watch?v=LOdR0c78IeU,0,Azul Dick,6,,0
라임이가 감기에 걸렸어요 오늘은 영상 쉽니다!,/watch?v=T6vLSLdQ42c,0,Azul Dick,6,,0
라임의 추억의 뽀로로 짜장면 먹방❤ | 뽀로로 목욕 시키기 | 유치원 인형놀이 LimeTube & Toy 라임튜브,/watch?v=gQtP6CSZFEY,0,Azul Dick,6,,0
라임의 타요 캐리어 장난감 놀이 | 치과의사 놀이 | 뽀로로 짜장면 먹방  LimeTube & Toy 라임튜브,/watch?v=kKn2OPM7svg,0,Azul Dick,6,,0
라임의 에버랜드 매직쿠키하우스 놀이기구 체험 장난감 놀이 LimeTube & indoor playground,/watch?v=nT7zNzD7FUs,0,Azul Dick,6,,0
라임 신나는 레프팅 썰매를 타다! | 대명비발디파크 스노위랜드 눈썰매장 체험 | 가족여행 추천! LimeTube & playground 라임송 뮤직비디오,/watch?v=uYw0Z6meK8Q,0,Azul Dick,6,,0
[26분]라임튜브 인기동영상 베스트 | 소피루비 방 & 라푼젤 미미화장대 &타요키즈카페 &시크릿 쥬쥬 키즈카페 LimeTube & Toy 라임튜브,/watch?v=ZKxPAB0eXzk,0,Azul Dick,6,,0
[미션] 구독자를 웃겨라! 피카츄가된 라임🐶 스노우 b612 카메라 장난감 놀이 LimeTube & Toy 라임튜브,/watch?v=4AdmbYWmbek,0,Azul Dick,6,,0
라임이의 일상은? 촬영장 밀착취재! 밀크 잡지촬영을 함께하는 사람은 누구?,/watch?v=2Ha2d70Ei90,0,Azul Dick,6,,0
아빠랑 침대 방탈출 게임 장난감 놀이 LimeTube & Toy 라임튜브,/watch?v=QrImNx-a9vE,0,Azul Dick,6,,0
😂 완전 웃긴 핫도그 먹방 게임 아빠와 대결 챌린지  | 웃긴영상 레전드 LimeTube & Toy,/watch?v=z3CsrmoN0aM,0,Azul Dick,6,,0
헉! 밀가루 범벅 과연 승자는? 요기 보드게임 챌린지 장난감 놀이 LimeTube & Toy 라임튜브,/watch?v=rIK8jSsdJGE,0,Azul Dick,6,,0
라임의 거대 픽미팝스 서프라이즈 에그 인형 뽑기 장난감 놀이 LimeTube & Toy 라임튜브,/watch?v=Bd8pUVgIsqg,0,Azul Dick,6,,0
엘오엘 펫 LOL 서프라이즈에그 10개 개봉기 ♥️ 강아지 고양이 랜덤 뽑기 장난감 놀이 L.O.L Little PET Surprise Doll,/watch?v=6L1J7mRaP7I,0,Azul Dick,6,,0
😀베이블레이드 버스트 배틀 세트 장난감 놀이 ベイブレードバースト beyblade burst,/watch?v=bPYVoshyAIs,0,Azul Dick,6,,0
반짝 스티커로 티라노사우루스 공룡 꾸미기 장난감 놀이 LimeTube & Toy 라임튜브,/watch?v=tGFPIx35jxU,0,Azul Dick,6,,0
도전! 미로 방탈출 과연 성공할까? 라임탐험대가 다이나믹 메이즈 무한도전 놀이! Dinamic Maze,/watch?v=E4MPNyRrNGM,0,Azul Dick,6,,0
도둑이 뽀로로를 훔쳐갔어요! 라임 과학수사대 도둑을 잡아라! 한국잡월드 어린이체험관 경찰 직업체험 안전교육 with 에디,/watch?v=pPbruSnIw34,0,Azul Dick,6,,0
[도전] 거대블럭으로 2층집 만들기! 세빛섬 키즈카페 핌 PIM 방문기 | 프리티 에스더랑 데이트,/watch?v=BkMHmxNHztI,0,Azul Dick,6,,0
라임의 아이스크림 가게 | 헬로키티와 핑크퐁 아기상어가 아이스크림을 사러 왔어요,/watch?v=DL_2508wU9s,0,Azul Dick,6,,0
[밀착카메라] 친구들아 안녕~! 라임의 자연 발도르프 유치원 졸업식,/watch?v=tRKTAXF2gUE,0,Azul Dick,6,,0
아이엠스타 한정판 카드에 도전하라! 아이카츠 아이엠스타 게임기 시즌4  라임이의 코디놀이,/watch?v=x5eU0Y-S3eo,0,Azul Dick,6,,0
상어가족 젤리와 뽀로로 초콜릿으로 핑거패밀리 어린이 율동동요를 하다!  finger family Song,/watch?v=YRO6jSOPRAw,0,Azul Dick,6,,0
라임의 레고프렌즈 41340 비밀 아지트 블럭 장난감 놀이 LimeTube & Toy 라임튜브,/watch?v=0AxoEEt12B0,0,Azul Dick,6,,0
호텔에서 라임이랑 같이놀자! 드레스코드는 레드야~! 2018 라임튜브 부산 팬미팅에 라임베프를 초대합니다.,/watch?v=szYvNnn5qt0,0,Azul Dick,6,,0
L.O.L 리틀 시스터즈3 엘오엘 서프라이즈 복불복 랜덤 인형뽑기 장난감 놀이 - 라임튜브,/watch?v=D6Li9f3xLdo,1,Azul Dick,6,,0
장난감을 딱 하나만 고른다면? 라임의 lol 장난감 쇼핑,/watch?v=8tJlVvkVWyw,0,Azul Dick,6,,0
뽀뽀 아기 강아지?,/watch?v=CAYS2PPMNKM,1,Azul Dick,6,,0
LOL빅 서프라이즈 엘오엘 선물 바구니 Easter Egg 장난감 놀이,/watch?v=JR40_0Vlx7g,0,Azul Dick,6,,0
세상은 신나는 놀이터! 신나는 비눗방울 장난감 놀이 액티비티 레오 체험ㅣ프리미엄 팬미팅 라임송 뮤직비디오 Lime & Toyreview 라임튜브,/watch?v=3ScpRYb5ylc,0,Azul Dick,6,,0
라임의 바풍액체괴물 만들기 장난감 놀이 LimeTube & Toy 라임튜브,/watch?v=gC2bvoEheJM,0,Azul Dick,6,,0
[꿀잼] 스노우어플 게임 웃기는 장면 모음  LimeTube & Toy 라임튜브,/watch?v=BiD876g66L0,0,Azul Dick,6,,0
뽀뽀가 초콜릿을 먹으려고 해요! 강아지와 타요 텐트 잡기놀이 해요 LimeTube & Toy 라임튜브,/watch?v=JV-RLxPGJB8,0,Azul Dick,6,,0
[여행] 호텔에서 생일파티와 팬미팅을 하다! 부산 파라다이스호텔 어린이 체험 indoor playground,/watch?v=9256R8YyiSI,0,Azul Dick,6,,0
라임의 클리어 액체괴물과 벚꽃 봄꽃축제 슬라임 장난감 놀이 LimeTube & Toy 라임튜브,/watch?v=BDXFP14WluU,0,Azul Dick,6,,0
라임의 재밌는 숨바꼭질 잡기놀이 | 소피루비방과 미니특공대 키즈카페 체험 indoor Playground,/watch?v=dg0fkitegto,0,Azul Dick,6,,0
라임이랑 엄마까투리 명품 뮤지컬 함께 보러가요! |엄마까투리 동요모음,/watch?v=BU4-5CUoLoo,0,Azul Dick,6,,0
아이엠스타 꿈의 오디션 게임에 도전했어요! 결과는? 아이카츠 아이엠스타 게임기 시즌4,/watch?v=NfUmeefxoYA,0,Azul Dick,6,,0
고양 어린이 박물관 소방안전체험 놀이 교육 indoor playground family fun for kids,/watch?v=HY4ULFXjln4,0,Azul Dick,6,,0
아기상어랑 놀아요! 핑크퐁 상어가족 멜로디 어항세트 놀이 | 어린이 율동동요 | 숫자공부,/watch?v=tminCFskcEE,0,Azul Dick,6,,0
라임튜브 100만 구독자 기념 파티에서 라임엄마 실물공개! | 핑크퐁 상어가족 케이크 먹방,/watch?v=91OZE5DDUFE,0,Azul Dick,6,,0
[20분] 할아버지가 아파요 2편 콩순이 소꿉놀이와 타요키즈카페와 뽀로로 냉장고 재밌는 영상 모음 LimeTube & Toy 라임튜브,/watch?v=jt8sqTlTbQs,0,Azul Dick,6,,0
100만 구독자 기념 선물개봉기! | 포켓몬스터 서프라이즈 박스 오픈  surprise box opening,/watch?v=nIeWqccEvLg,0,Azul Dick,6,,0
귀여운 라임아빠? 웃기는 스노우 어플게임 장난감 놀이 LimeTube & Toy 라임튜브,/watch?v=MsPaXurO9VU,0,Azul Dick,6,,0
할아버지가 아파요 콩순이 병원놀이 직업체험 LimeTube & Toy 라임튜브,/watch?v=flI15odeX7Y,0,Azul Dick,6,,0
[60분] 라임튜브 인기영상 모음 의사체험과 파자마삼총사와 콩순이 상어가족 영상,/watch?v=yxmOCYq09cU,0,Azul Dick,6,,0
시크릿쥬쥬 키즈카페 화장 장난감 놀이 LimeTube & Toy 라임튜브,/watch?v=tI7yfn2m0lI,0,Azul Dick,6,,0
라임가족의 보물찾기 게임  서프라이즈 에그 찾기 장난감 놀이 playground family fun for kids,/watch?v=sJng9ruhAUU,0,Azul Dick,6,,0
아빠랑 술래잡기 놀이 뿅망치 맞기 벌칙은 누가?,/watch?v=sUUuRDyFFEY,0,Azul Dick,6,,0
나비잡기 파티? 승자는? 엘레펀 ㅍㅐ밀리게임 장난감 놀이 LimeTube & Toy 라임튜브,/watch?v=iqV2cISXZ0Y,0,Azul Dick,6,,0
라임파파와 토킹톰 골드런 게임 대결  LimeTube & Toy 라임튜브,/watch?v=Zd_qq9RJJl8,0,Azul Dick,6,,0
티라노사우르스 쥬라기월드 먹방 놀이 johny johny yes papa Nursery Rhymes & Kids Songs,/watch?v=Qkdy5_AHC4k,0,Azul Dick,6,,0
[꿀잼]머리가 자라는? 미용실 | 대머리 미니언즈의 플레이도우 만들기 미용실 놀이 LimeTube & Toy 라임튜브,/watch?v=30JyLieCYo8,0,Azul Dick,6,,0
승자를 뽑아주세요! 라임 캐릭터 3마커 챌린지 색칠 놀이 LimeTube & Toy,/watch?v=BymTdFPHjHc,0,Azul Dick,6,,0
[이벤트] 이상한 나라 라임 대탈출! 이상한 나라의 엘리스 페러디 LimeTube & Toy 라임튜브,/watch?v=SM4cu8WkGB4,0,Azul Dick,6,,0
40분 라임튜브 상어가족 웃긴영상 베스트 영상모음 LimeTube toy review,/watch?v=2Gnegc8Onh0,0,Azul Dick,6,,0
무지개색 미끄럼틀 100번타기 |미국의 빌리비즈 키즈카페 장난감 놀이indoor playground LimeTube toy review,/watch?v=8LXUfd4ICr4,0,Azul Dick,6,,0
라임송 공연 팬미팅 뒷이야기 | 다이아페스티발 라임튜브 뮤지컬 공연 LimeTube & nursery rhymes,/watch?v=DGCxCSDNSf8,0,Azul Dick,6,,0
[세계여행] 그랜드캐년에서 헬기타기 도전! &모뉴먼트밸리 라임패밀리 미국 어디까지 가봤니3편 LimeTube toy review,/watch?v=MHsZczV8wps,0,Azul Dick,6,,0
[대결]아빠랑 딸 | 가짜 도마뱀 혓바닥? 패밀리 보드게임 장난감 놀이 LimeTube & Toy | Tic Tac Tongue,/watch?v=nf6CpOBUxgo,0,Azul Dick,6,,0
도전 디즈니랜드에서 놀이기구 다 타기! LimeTube toy review,/watch?v=XDjUQhoCV3U,0,Azul Dick,6,,0
8살 라임의 카레이싱 도전기!  미국 디즈니랜드 맥퀸 카 레이싱 체험하다!  LimeTube toy review,/watch?v=3U63c2V8bN0,0,Azul Dick,6,,0
[세계여행]라임의 엔텔롭캐년 투어를 하다! 라임패밀리 미국 어디까지 가봤니 4편 캠핑카 투어 3일차 LimeTube & Toy 라임튜브,/watch?v=tyocdQByO1M,0,Azul Dick,6,,0
맥포머스 매직월드 자석블럭 만들기 장난감 놀이 LimeTube & Toy 라임튜브,/watch?v=QiY3akwG7ro,0,Azul Dick,6,,0
거대블럭으로 강아지 뽀뽀집 만들기 장난감 놀이 LimeTube &toy review,/watch?v=YTXmuEWvQI4,0,Azul Dick,6,,0
라임의 신나는 바운스 트램폴린 파크 모험 놀이터 키즈카페 체험하다!,/watch?v=7zKifFoNBgk,0,Azul Dick,6,,0
상어잡자! 아기상어 낚시하는 라임 뽀로로 키즈카페에 가다!  LimeTube toy review,/watch?v=i5IysLVC3VE,0,Azul Dick,6,,0
라임 인형뽑기 도전! 올레 KT키즈랜드에서 핑크퐁 뽀로로와 함께 어린이 놀이터 체험,/watch?v=bxOhTsEH-Ng,1,Azul Dick,6,,0
추석맞이 아빠랑 웃기는 스노우 어플 수박 게임 장난감 놀이 LimeTube,/watch?v=NnGI8_TLy9A,0,Azul Dick,6,,0
호텔 수영장에서 라임 번지점프 하다! 웃긴영상 LimeTube & swimming pool,/watch?v=g9eqD5nLxTI,0,Azul Dick,6,,0
[30분]라임의 콩순이 파자마삼총사 인기영상 모음 | johny johny yes papa nursery rhymes,/watch?v=MbblKuvK_pc,1,Azul Dick,6,,0
뿅망치는 누가 맞을까? 고고 젤라또 보드게임 놀이 finger family Song,/watch?v=fgOqQ56Dfl8,0,Azul Dick,6,,0
라임이 방공개 | 엘오엘 보물찾기 놀이 |  LimeTube toy review,/watch?v=aWoci-efLIQ,1,Azul Dick,6,,0
산타클로스에게 편지를 써요| 화천 산타클로스 우체국| hide and seek indoor playground fun for kids,/watch?v=_-X01k4N0zc,0,Azul Dick,6,,0
라임아 런닝맨: 풀룰루의 역습 보러가자! 예매권 이벤트 Hide and Seek | 방탈출 영화,/watch?v=lTu7j-Iy584,1,Azul Dick,6,,0
라임의 시크릿쥬쥬 | 소피루비방키즈 카페 모음 indoor playground fun for kids | johny johny,/watch?v=Sox3mDhNZ-U,0,Azul Dick,6,,0
아기상어를 타고 뽀로로 키즈카페에 놀러갔어요  Kids Songs and Nursery Rhymes |Animal Songs with Lime ToysReview,/watch?v=RXc5G4cmaN0,0,Azul Dick,6,,0
라임의 시크릿쥬쥬 키즈카페 숨바꼭질 놀이 hide and seek | johny johny yes papa,/watch?v=ogTUe9i9d0Y,0,Azul Dick,6,,0
라임이의 웃기는 스노우 얼굴 바꾸기 핸드폰 어플 놀이 LimeTube toy review,/watch?v=z0shR1IPIs8,0,Azul Dick,6,,0
2탄! 라임의 미니라임 거대 3마커 챌린지 색칠공부 놀이 LimeTube toy review,/watch?v=Q0F7_o3atmc,0,Azul Dick,6,,0
라임튜브 팬미팅 2019 키즈카페에서 춤추며 같이 놀아요! | 이로운나라의앨리스 키즈카페 | 어린이 율동동요 LimeTube toy review,/watch?v=odJVQ1sRq2A,0,Azul Dick,6,,0
라임의 거대 미끄럼틀 수영장에서 놀아요! | 퇴촌 토마토 축제 어린이 오감체험 Swimming Pool Family Fun for Kids,/watch?v=HDZqf5KtqSo,0,Azul Dick,6,,0
행복의 씨앗(Seeds of Happiness) MV 4편 - 라임튜브 이야기 [슈퍼라임 비긴즈],/watch?v=Gng-HcuNztM,0,Azul Dick,6,,0
[방탈출]컨테이너에 갇혔어요! 라임의 레이튼 미스터리 탐정사무소 LimeTube toy review,/watch?v=c5edTj-2zRA,0,Azul Dick,6,,0
과자 냉장고를 지켜라! | 라임의 레이튼 미스터리 탐정사무소 | LimeTube toy review,/watch?v=rmkL3NlnHCM,0,Azul Dick,6,,0
아빠와 눈 가리고 상자속 물건맞추기 스퀴시 장난감 촉감놀이 게임챌린지 & 타요키즈카페 & Tayo,/watch?v=g_S3P5NZfTA,0,Azul Dick,6,,0
