title,url,view,channel_name,channel_subscriber,create_at
【速報】バンクシー展から電話がかかってきました,/watch?v=7TWN1e9yz-A,600960,エガちゃんねる EGA-CHANNEL,2130000,1日前
輪ゴムスイカ爆発を○○○で受ける男,/watch?v=8jw9GkEuRx8,442721,エガちゃんねる EGA-CHANNEL,2130000,3日前
【CM完成】しかし衝撃事実発覚・・・！,/watch?v=7gbFOmLBWJM,429263,エガちゃんねる EGA-CHANNEL,2130000,6日前
江頭がガチファンにサプライズ！,/watch?v=OYmIvQ6P_Lk,667046,エガちゃんねる EGA-CHANNEL,2130000,1週間前
【エガドライブ】江頭の愛車でBBQ行こうぜ！,/watch?v=s6l6HnGMLj8,2351923,エガちゃんねる EGA-CHANNEL,2130000,1週間前
【伝説】全国区のテレビCMが決まったから暴れてきた！,/watch?v=S_ZhFuBVBqs,673223,エガちゃんねる EGA-CHANNEL,2130000,1週間前
江頭のガチャガチャ、自分でコンプリートするまで帰れません。（中野ブロードウェイ/Nakano Broadway）,/watch?v=er2BnoTgyP4,789132,エガちゃんねる EGA-CHANNEL,2130000,2週間前
【エガちゃんバンド】 日曜日よりの使者 /↑THE HIGH-LOWS↓,/watch?v=y79Mi99fOQo,581810,エガちゃんねる EGA-CHANNEL,2130000,2週間前
江頭2:50からみんなへ。,/watch?v=wEre2dOLY0Q,792473,エガちゃんねる EGA-CHANNEL,2130000,3週間前
江頭、12年ぶりに・・・,/watch?v=XbR_-ngZLx0,871808,エガちゃんねる EGA-CHANNEL,2130000,3週間前
しょこたん＆江頭サブカルデートin中野ブロードウェイ/Nakano Broadway - Bruce Lee...AKIRA...and more,/watch?v=fSbYUTLehLQ,1541309,エガちゃんねる EGA-CHANNEL,2130000,3週間前
草彅＆ユースケ＆シークレットゲストの３人が江頭の誕生日を祝福！,/watch?v=oPZo26Y2UFs,2334255,エガちゃんねる EGA-CHANNEL,2130000,4週間前
しょこたんがドッキリを仕掛けてきたので、逆に店で爆破した,/watch?v=OKZi0787Z1Y,2043580,エガちゃんねる EGA-CHANNEL,2130000,1か月前
江頭、除毛ダーツでツルツルになりました。,/watch?v=iJ7ps_khO5M,744121,エガちゃんねる EGA-CHANNEL,2130000,1か月前
次世代の江頭2:50を探す！,/watch?v=zJF-Wll4Gt8,322968,エガちゃんねる EGA-CHANNEL,2130000,1か月前
T.エガ .Revolution 2,/watch?v=I20M_F34uOs,566463,エガちゃんねる EGA-CHANNEL,2130000,1か月前
江頭、初めてのルイ・ヴィトン。/LOUIS VUITTON,/watch?v=TW_kLGdRxlE,2256055,エガちゃんねる EGA-CHANNEL,2130000,1か月前
【検証】リモートでブリーフ団の胸が大きくなったら江頭は気づく？,/watch?v=NcyG9Xf4kG0,837564,エガちゃんねる EGA-CHANNEL,2130000,1か月前
【無重力】エガ澤社長の宇宙ルーティン,/watch?v=x3wQFOjffl0,553057,エガちゃんねる EGA-CHANNEL,2130000,1か月前
江頭を隠し撮りしたら笑いが止まらない。,/watch?v=A84XZO8KndQ,991901,エガちゃんねる EGA-CHANNEL,2130000,1か月前
【2:50本当の由来は？】江頭のWikipediaを修正,/watch?v=yHdnv5IxdBI,1268886,エガちゃんねる EGA-CHANNEL,2130000,1か月前
江頭、大好きな人とデートします。,/watch?v=xcoH_2r8Sw0,3127677,エガちゃんねる EGA-CHANNEL,2130000,1か月前
【投稿】ちびっこエガちゃんなりきりグランプリ！,/watch?v=oj2XFNPpz28,468815,エガちゃんねる EGA-CHANNEL,2130000,2か月前
【自宅初公開】江頭2:50 モーニングルーティン,/watch?v=x0FIY09kDZ8,2022531,エガちゃんねる EGA-CHANNEL,2130000,2か月前
江頭の応援歌！THE BLUE HEARTS「1000のバイオリン」,/watch?v=9FUxAgGLE7U,609377,エガちゃんねる EGA-CHANNEL,2130000,2か月前
【初ゲスト降臨】憧れの女優Mは４人の中のどれ？,/watch?v=a8IHJ1SCPHA,1546805,エガちゃんねる EGA-CHANNEL,2130000,2か月前
江頭2:50からお知らせ,/watch?v=7Oxs0RgwBG0,3031229,エガちゃんねる EGA-CHANNEL,2130000,2か月前
エガちゃんの「お尻絵描き歌」,/watch?v=2NO8iLdKdZw,361673,エガちゃんねる EGA-CHANNEL,2130000,2か月前
【コンビニ大好き4人が集結】おねエガいランキング！コンビニ飯総選挙,/watch?v=HKKIR4ogctM,869294,エガちゃんねる EGA-CHANNEL,2130000,2か月前
さようなら、エガ澤,/watch?v=O5LXPTuMwOk,848125,エガちゃんねる EGA-CHANNEL,2130000,2か月前
スマホのメール＆検索履歴＆写真…抜き打ちチェックしたら激ヤバ！,/watch?v=VRxdofaeiEM,912130,エガちゃんねる EGA-CHANNEL,2130000,3か月前
極太自転車チューブを体に巻いて割ってみたら事件級のデカさに！,/watch?v=4W1EJyZGXos,698301,エガちゃんねる EGA-CHANNEL,2130000,3か月前
ザ・エガモネア  #テレワークをプラスに #うちで笑おう,/watch?v=qkebhyxKBzQ,935362,エガちゃんねる EGA-CHANNEL,2130000,3か月前
エガちゃんに人生初ドッキリ！【３連発】,/watch?v=9x3GT4ORtk0,997119,エガちゃんねる EGA-CHANNEL,2130000,3か月前
【200万人突破記念】ギリギリの質問にNG無しで答える！,/watch?v=k3UuIeriSSE,1433825,エガちゃんねる EGA-CHANNEL,2130000,3か月前
起きたら200万人達成してるドッキリ【生配信】,/watch?v=DPriPW208nc,905523,エガちゃんねる EGA-CHANNEL,2130000,3か月前
エガの恋はつづくよどこまでも,/watch?v=DeGtS-VBHZI,932332,エガちゃんねる EGA-CHANNEL,2130000,3か月前
【衝撃】ペットボトルロケット３本で○◯毛を脱毛できるのか!?,/watch?v=A6XAKIGew_o,822867,エガちゃんねる EGA-CHANNEL,2130000,3か月前
【FF7一番くじに挑戦】FFマニア江頭がコレクション持参で熱弁！,/watch?v=EChpsBNwYHo,2095996,エガちゃんねる EGA-CHANNEL,2130000,3か月前
ど根性エガちゃん/Guts-EGAchan,/watch?v=OuFLUe1EkLA,870989,エガちゃんねる EGA-CHANNEL,2130000,3か月前
【家で遊ぼう】滑舌チャレンジ#StayHome#WithMe,/watch?v=VFg3Pk2a8zw,823916,エガちゃんねる EGA-CHANNEL,2130000,3か月前
江頭2:50が物申す！,/watch?v=jJgmPwv5cjg,2513164,エガちゃんねる EGA-CHANNEL,2130000,3か月前
T.エガ.Revolution,/watch?v=-watMh6cU0U,1654422,エガちゃんねる EGA-CHANNEL,2130000,4か月前
ネットの江頭伝説は本当なのか？②「衝撃の伝説編」,/watch?v=xJ31YoWjYxc,939262,エガちゃんねる EGA-CHANNEL,2130000,4か月前
【踊ってみた】45秒でBANできる？,/watch?v=zaX9RTk1ohw,1494896,エガちゃんねる EGA-CHANNEL,2130000,4か月前
【速報】草彅さんに直電＆YouTubeから贈り物,/watch?v=LnC1I1oV56Y,1687145,エガちゃんねる EGA-CHANNEL,2130000,4か月前
【決戦】江頭vsGoogle AI,/watch?v=Q8K_6k9RpvU,1163332,エガちゃんねる EGA-CHANNEL,2130000,4か月前
バンク尻ー/BANKSIRY,/watch?v=pn4og-CpTGI,1085630,エガちゃんねる EGA-CHANNEL,2130000,4か月前
EGACKT降臨！,/watch?v=rdz-eV24QQw,1655822,エガちゃんねる EGA-CHANNEL,2130000,4か月前
哀愁が沁みる・・・/「時の過ぎゆくままに」沢田研二,/watch?v=c_fMXEzOy80,1392383,エガちゃんねる EGA-CHANNEL,2130000,4か月前
鬼滅のヤエガ/DEMON SLAYGER,/watch?v=tSmGy8Syzq4,2422883,エガちゃんねる EGA-CHANNEL,2130000,4か月前
【金の盾記念】みんなからのメッセージを読むぜ！,/watch?v=ITFcvZ3WfLw,1991615,エガちゃんねる EGA-CHANNEL,2130000,4か月前
草彅さん・ユースケさん・「ぷっ」すまを語る①,/watch?v=kOJwqyh3F7I,1495517,エガちゃんねる EGA-CHANNEL,2130000,4か月前
玉ねぎ早食い世界記録に挑む！ Challenge the world record of fast eating onions!,/watch?v=uwzkqs2aANc,1745459,エガちゃんねる EGA-CHANNEL,2130000,4か月前
【充電旅】ロケ終わりの旅館に突撃！~淡路島〜　/「出川哲朗の充電させてもらえませんか？」江頭2:50,/watch?v=nxhHBmbvJDY,2659991,エガちゃんねる EGA-CHANNEL,2130000,5か月前
150万人突破記念！視聴者の質問にガチで答える,/watch?v=5zy_Vk2ty04,3264843,エガちゃんねる EGA-CHANNEL,2130000,5か月前
【ドッキリ】エガタリング/インタビュー中に突然エガちゃんが現れたら,/watch?v=DMpvbGXre1Y,2893530,エガちゃんねる EGA-CHANNEL,2130000,5か月前
エガちゃん考案の新罰ゲーム「目出し帽風船大爆発」,/watch?v=w3mrH7dDNpA,1443043,エガちゃんねる EGA-CHANNEL,2130000,5か月前
いつもつけてるポーチの中身をNG無しで大公開！,/watch?v=30MmVsqRv0c,2017947,エガちゃんねる EGA-CHANNEL,2130000,5か月前
【緊急来日】ジャスティン・エーガー/JUSTIN EGAR,/watch?v=yBuwKRFhG0M,2638630,エガちゃんねる EGA-CHANNEL,2130000,5か月前
【エガ散歩】エガちゃんVS原宿の若者 EGA-WALK in Harajuku,/watch?v=1d0Ry5NMhPg,3144067,エガちゃんねる EGA-CHANNEL,2130000,5か月前
100万人達成でありがとうの股間大爆破！,/watch?v=9_fHqqE4qss,3353334,エガちゃんねる EGA-CHANNEL,2130000,5か月前
カメラの前で初めて歌う！THE BLUE HEARTS「人にやさしく」,/watch?v=lHIYBDbQmj8,6484722,エガちゃんねる EGA-CHANNEL,2130000,5か月前
ご報告＆コーラで伝説を作る！,/watch?v=FLFYoybGvxs,2629731,エガちゃんねる EGA-CHANNEL,2130000,5か月前
ネットの江頭伝説は本当なのか？（名言編）,/watch?v=K6PSUSvcRto,4075436,エガちゃんねる EGA-CHANNEL,2130000,5か月前
エガちゃんが公約大発表！「チャンネル登録100万人達成したら・・・」EGA's pledge,/watch?v=3ywOMKFa07s,2799183,エガちゃんねる EGA-CHANNEL,2130000,5か月前
江頭2:50、YouTubeに参上！【BADASS SAMURAI】,/watch?v=8X1h68C0eoA,4430082,エガちゃんねる EGA-CHANNEL,2130000,5か月前
